feature,importance,category
repeat_length,0.010032275424272867,repeat composition
spacer_repeat_length_ratio,0.009742505002939923,array statistics
mean_spacer_length,0.008250086873030303,array statistics
min_spacer_length,0.008042373980471135,other
max_spacer_length,0.00792021931299456,other
median_spacer_length,0.007763437868469812,other
terminal_kmer_4_CAAC,0.005877179205725274,terminal k-mer
repeat_at_percent,0.005828131064695288,repeat composition
repeat_gc_percent,0.005695267201217873,repeat composition
terminal_kmer_4_GTTG,0.005268132804207342,terminal k-mer
terminal_kmer_4_ACGT,0.00499360175383214,terminal k-mer
terminal_kmer_4_ACTG,0.004792212273439177,terminal k-mer
terminal_kmer_4_TTTC,0.004742940504271823,terminal k-mer
terminal_kmer_4_CAGT,0.004451113183089417,terminal k-mer
repeat_hairpin_score,0.0044076264069134235,repeat structure
kmer_2_CG,0.00440014819188947,whole-repeat k-mer
repeat_longest_inverted_stem,0.004235793919558118,repeat structure
kmer_4_TGCC,0.004225436588910636,whole-repeat k-mer
kmer_4_GTTG,0.0041539233632879565,whole-repeat k-mer
terminal_kmer_4_GAAA,0.004137498962881824,terminal k-mer
kmer_4_AGCT,0.004105621199063412,whole-repeat k-mer
kmer_2_GC,0.004085725965173218,whole-repeat k-mer
repeat_end_4_C_fraction,0.004059682003047406,terminal composition
kmer_2_TA,0.004041375503307479,whole-repeat k-mer
repeat_start_6_C_fraction,0.0039228185919144044,terminal composition
kmer_4_GGCA,0.003898753260976472,whole-repeat k-mer
kmer_4_CTAC,0.003884603191182015,whole-repeat k-mer
repeat_end_6_G_fraction,0.003800733381244991,terminal composition
terminal_kmer_4_TGAA,0.0037622829689204413,terminal k-mer
kmer_3_GGG,0.003758758179983454,whole-repeat k-mer
kmer_2_GG,0.0036129673227573563,whole-repeat k-mer
kmer_4_CAAC,0.003563654202497381,whole-repeat k-mer
kmer_3_CCC,0.0035603618493532307,whole-repeat k-mer
terminal_kmer_4_TAGA,0.0035583183861252633,terminal k-mer
terminal_kmer_2_TA,0.003548445341610624,terminal k-mer
repeat_start_6_G_fraction,0.0035448792021608396,terminal composition
repeat_end_6_C_fraction,0.0035171720797617157,terminal composition
terminal_kmer_4_TTGA,0.003497676954480904,terminal k-mer
kmer_4_TAGA,0.0034803832664281795,whole-repeat k-mer
kmer_2_CC,0.003442878478613148,whole-repeat k-mer
array_length_estimate,0.0033967038444660796,array statistics
spacer_count,0.003340069412601384,array statistics
kmer_4_GTTT,0.0033138379584751626,whole-repeat k-mer
terminal_kmer_3_TTG,0.0033072711658742107,terminal k-mer
repeat_count,0.003262640691623454,array statistics
terminal_kmer_3_CAA,0.0032476229072980587,terminal k-mer
repeat_start_4_T_fraction,0.003222974821392633,terminal composition
terminal_kmer_4_TCAA,0.003222448484832087,terminal k-mer
kmer_4_GGGT,0.0031912070537824565,whole-repeat k-mer
repeat_start_6_T_fraction,0.0031835992678576133,terminal composition
terminal_kmer_4_GACG,0.003154023411623465,terminal k-mer
kmer_4_CTGC,0.0030887390368934753,whole-repeat k-mer
terminal_kmer_4_CCAA,0.003068064348509168,terminal k-mer
repeat_end_4_A_fraction,0.0030671965131428484,terminal composition
kmer_3_GGC,0.0030331345425433295,whole-repeat k-mer
repeat_end_6_A_fraction,0.003026912842428942,terminal composition
repeat_end_6_T_fraction,0.003010428785420367,terminal composition
kmer_4_TCCC,0.0030043277999137466,whole-repeat k-mer
kmer_4_GGGA,0.0029967671680504126,whole-repeat k-mer
terminal_kmer_3_TGA,0.0029943769416803643,terminal k-mer
terminal_kmer_4_TCTA,0.0029907298897342027,terminal k-mer
kmer_4_GTAG,0.002976132353292935,whole-repeat k-mer
kmer_2_AT,0.002961585044213894,whole-repeat k-mer
terminal_kmer_3_TTT,0.0029416417392922715,terminal k-mer
kmer_3_CAA,0.002939804994090711,whole-repeat k-mer
kmer_4_GAAA,0.002932311960764128,whole-repeat k-mer
repeat_start_4_G_fraction,0.0029195313948942067,terminal composition
kmer_4_TTTC,0.002917053151669891,whole-repeat k-mer
repeat_start_4_C_fraction,0.002914147194041622,terminal composition
kmer_4_CCCC,0.0028993477994066373,whole-repeat k-mer
kmer_3_GCC,0.002892021032011167,whole-repeat k-mer
kmer_4_CCCT,0.0028883600577939393,whole-repeat k-mer
kmer_3_GCG,0.002886340128409184,whole-repeat k-mer
terminal_kmer_4_CGTT,0.002874010676551214,terminal k-mer
terminal_kmer_4_GTTT,0.00286841019949071,terminal k-mer
terminal_kmer_4_TATT,0.0028486276483954474,terminal k-mer
terminal_kmer_3_AAA,0.0028465492370236987,terminal k-mer
kmer_4_TCTA,0.0027807868400327967,whole-repeat k-mer
kmer_4_CGGG,0.002773833591094023,whole-repeat k-mer
terminal_kmer_4_TTCA,0.002768329211930465,terminal k-mer
kmer_4_TCAA,0.0027608499040791437,whole-repeat k-mer
kmer_4_CCCG,0.002717901123729859,whole-repeat k-mer
kmer_4_GGGG,0.0026809272605712023,whole-repeat k-mer
repeat_start_6_A_fraction,0.0026760410481651274,terminal composition
terminal_kmer_4_AAAG,0.0026743441921875883,terminal k-mer
kmer_3_GTT,0.002670543114266478,whole-repeat k-mer
kmer_4_GCAG,0.002668098089080767,whole-repeat k-mer
kmer_4_AGGG,0.002651924404015001,whole-repeat k-mer
kmer_4_TTGA,0.002628588415486449,whole-repeat k-mer
terminal_kmer_2_AT,0.00262629928207489,terminal k-mer
kmer_3_AGG,0.0026161637954662978,whole-repeat k-mer
terminal_kmer_4_AGTA,0.002586505998879607,terminal k-mer
kmer_3_TTG,0.002581678837062095,whole-repeat k-mer
terminal_kmer_4_TTGT,0.0025808842840840188,terminal k-mer
terminal_kmer_2_AA,0.00257853212713804,terminal k-mer
kmer_4_AAAC,0.0025686499145593316,whole-repeat k-mer
terminal_kmer_4_GTAG,0.0025646195481443027,terminal k-mer
kmer_3_GGT,0.0025241334073132595,whole-repeat k-mer
kmer_4_AATT,0.0025120731854661044,whole-repeat k-mer
repeat_end_6_gc_percent,0.0025104573165751626,terminal composition
kmer_4_GGTT,0.0025060988341665397,whole-repeat k-mer
terminal_kmer_4_AAAC,0.002496425928863969,terminal k-mer
kmer_3_CGC,0.0024958846659299556,whole-repeat k-mer
kmer_2_TT,0.0024766237626700814,whole-repeat k-mer
terminal_kmer_4_AACG,0.002435136809270925,terminal k-mer
repeat_start_6_gc_percent,0.002432518651885615,terminal composition
kmer_3_CCT,0.002420633239820571,whole-repeat k-mer
kmer_2_AA,0.002417762689322761,whole-repeat k-mer
repeat_start_4_gc_percent,0.002396107588247184,terminal composition
kmer_4_ATCC,0.0023867290648937694,whole-repeat k-mer
kmer_3_TCT,0.0023842586274509404,whole-repeat k-mer
terminal_kmer_2_TT,0.0023825853723293635,terminal k-mer
kmer_4_TTCA,0.0023721347639160248,whole-repeat k-mer
kmer_4_GGAT,0.002359456690237525,whole-repeat k-mer
terminal_kmer_3_AAT,0.002357271354312149,terminal k-mer
repeat_end_4_G_fraction,0.0023478742229331283,terminal composition
repeat_gc_skew,0.0023452791975901617,repeat composition
terminal_kmer_3_GAA,0.0023402199792350326,terminal k-mer
terminal_kmer_3_TCT,0.0023316161528305155,terminal k-mer
kmer_3_CCG,0.002326254490931104,whole-repeat k-mer
terminal_kmer_4_CGTC,0.002325730513051156,terminal k-mer
terminal_kmer_4_CTAC,0.0023227948011259195,terminal k-mer
kmer_3_AAC,0.002322152995941845,whole-repeat k-mer
kmer_3_AAT,0.0023112467720232247,whole-repeat k-mer
repeat_self_rc_identity,0.002299218361811159,repeat structure
repeat_end_4_gc_percent,0.00229159179685371,terminal composition
terminal_kmer_4_CCTC,0.002289578947386054,terminal k-mer
kmer_3_TTT,0.0022726967010326823,whole-repeat k-mer
terminal_kmer_4_TACT,0.0022572159150741795,terminal k-mer
kmer_4_ACTG,0.0022440521526900328,whole-repeat k-mer
terminal_kmer_2_CC,0.002237292121223237,terminal k-mer
terminal_kmer_3_AAC,0.0022342816537739172,terminal k-mer
kmer_3_TCC,0.0022213232157993062,whole-repeat k-mer
terminal_kmer_3_CTG,0.0022203059271799267,terminal k-mer
terminal_kmer_4_CAAT,0.0022193454066095665,terminal k-mer
kmer_4_TTTA,0.0022160036980948955,whole-repeat k-mer
kmer_3_GGA,0.0021819754846647424,whole-repeat k-mer
terminal_kmer_3_ATT,0.0021769059305585883,terminal k-mer
kmer_3_TTA,0.002152774862871127,whole-repeat k-mer
kmer_2_TC,0.002148973130253207,whole-repeat k-mer
terminal_kmer_3_GTT,0.0021469366459222687,terminal k-mer
kmer_4_AATC,0.002138964932893699,whole-repeat k-mer
terminal_kmer_4_CTGA,0.0021311666185904925,terminal k-mer
kmer_4_TGAA,0.002130945908785465,whole-repeat k-mer
kmer_3_GCT,0.002102349845898572,whole-repeat k-mer
terminal_kmer_3_AGA,0.002100734928920818,terminal k-mer
terminal_kmer_2_GA,0.0020745613286820017,terminal k-mer
terminal_kmer_2_GT,0.0020689350829158804,terminal k-mer
kmer_4_AGAA,0.0020662166833058217,whole-repeat k-mer
kmer_4_TTGG,0.002058723212546797,whole-repeat k-mer
kmer_3_TCA,0.0020569143463156406,whole-repeat k-mer
kmer_4_AATG,0.00204399009316421,whole-repeat k-mer
terminal_kmer_4_AATA,0.002034866669219676,terminal k-mer
kmer_3_AAA,0.0020337670990536643,whole-repeat k-mer
kmer_4_AAAT,0.002028951719079979,whole-repeat k-mer
terminal_kmer_4_TCTG,0.002016152420521224,terminal k-mer
terminal_kmer_4_TACA,0.0020094706537952837,terminal k-mer
kmer_2_AG,0.002006103556821704,whole-repeat k-mer
terminal_kmer_3_CGT,0.0020049805882278284,terminal k-mer
terminal_kmer_3_TTC,0.00199691591009142,terminal k-mer
kmer_3_GTC,0.0019961934713920034,whole-repeat k-mer
kmer_4_CAAT,0.001994930824945233,whole-repeat k-mer
kmer_2_AC,0.0019816695693755174,whole-repeat k-mer
terminal_kmer_3_CCG,0.0019814104362149997,terminal k-mer
kmer_3_ATT,0.001971351418677285,whole-repeat k-mer
kmer_2_GA,0.0019640078084913943,whole-repeat k-mer
repeat_end_4_T_fraction,0.0019630325597358605,terminal composition
terminal_kmer_2_GC,0.001955237262819248,terminal k-mer
terminal_kmer_4_ACCG,0.001953577148257997,terminal k-mer
kmer_4_GCGC,0.00195243891418457,whole-repeat k-mer
kmer_3_CGG,0.001944007136148624,whole-repeat k-mer
terminal_kmer_4_ACGA,0.001937607723423273,terminal k-mer
terminal_kmer_2_CT,0.0019359697127746744,terminal k-mer
kmer_2_TG,0.0019198212642843643,whole-repeat k-mer
kmer_2_CT,0.0019126040595002435,whole-repeat k-mer
kmer_3_ATC,0.0019051534205363754,whole-repeat k-mer
kmer_3_GAC,0.0019005967521854657,whole-repeat k-mer
terminal_kmer_3_TCA,0.0018907401464250567,terminal k-mer
kmer_3_CTA,0.001888969831541147,whole-repeat k-mer
terminal_kmer_4_TTTA,0.0018878439943861383,terminal k-mer
kmer_4_CCTT,0.0018866118845293405,whole-repeat k-mer
kmer_3_TAA,0.0018862299180955765,whole-repeat k-mer
kmer_2_GT,0.001880486380784952,whole-repeat k-mer
terminal_kmer_4_ATTG,0.0018742780056857811,terminal k-mer
kmer_3_TGG,0.0018719289029177175,whole-repeat k-mer
terminal_kmer_2_TC,0.0018625710417009447,terminal k-mer
kmer_3_GTA,0.0018589889920789466,whole-repeat k-mer
kmer_4_TACC,0.0018575126719530142,whole-repeat k-mer
terminal_kmer_4_TAAA,0.0018552503934013158,terminal k-mer
terminal_kmer_4_TCAG,0.0018533360874676168,terminal k-mer
terminal_kmer_4_TTGG,0.0018531441940063105,terminal k-mer
kmer_4_CCAA,0.00184984272624177,whole-repeat k-mer
terminal_kmer_3_GAC,0.0018475713018445985,terminal k-mer
terminal_kmer_2_CG,0.0018471551722462163,terminal k-mer
kmer_3_GAT,0.0018450273802514516,whole-repeat k-mer
terminal_kmer_3_TTA,0.0018302450509103845,terminal k-mer
terminal_kmer_3_TAG,0.0018258527039463112,terminal k-mer
kmer_4_GATT,0.0018256380782044079,whole-repeat k-mer
terminal_kmer_4_ACAA,0.0018238453936187057,terminal k-mer
terminal_kmer_3_CAG,0.0018140463496562791,terminal k-mer
kmer_3_TAC,0.0018139396928127177,whole-repeat k-mer
kmer_4_CGCG,0.0018028623379751749,whole-repeat k-mer
kmer_2_CA,0.001796628080607698,whole-repeat k-mer
terminal_kmer_4_GTTC,0.001795005868548077,terminal k-mer
terminal_kmer_2_GG,0.0017828999610367507,terminal k-mer
terminal_kmer_4_TGAC,0.001780942889986278,terminal k-mer
kmer_3_CCA,0.001777971182430052,whole-repeat k-mer
terminal_kmer_4_TTAG,0.00177440220011665,terminal k-mer
terminal_kmer_4_TCCG,0.0017560161829402554,terminal k-mer
kmer_3_AGC,0.001754634684298516,whole-repeat k-mer
kmer_4_ATTG,0.0017498811807867495,whole-repeat k-mer
kmer_3_AGA,0.0017406739627142825,whole-repeat k-mer
kmer_4_ACCC,0.0017368391907718228,whole-repeat k-mer
kmer_4_TAAA,0.0017341387852086547,whole-repeat k-mer
kmer_3_TAG,0.0017301057812712205,whole-repeat k-mer
terminal_kmer_4_AATT,0.0017267013131923605,terminal k-mer
kmer_3_TTC,0.0017251898493263651,whole-repeat k-mer
kmer_4_TTTG,0.001719402519422671,whole-repeat k-mer
terminal_kmer_3_GAT,0.0017168002077679078,terminal k-mer
kmer_3_TGA,0.0017107183947078675,whole-repeat k-mer
kmer_4_TTCT,0.001709496262524639,whole-repeat k-mer
kmer_3_GTG,0.0017058235889749018,whole-repeat k-mer
terminal_kmer_4_CCGT,0.001702777620625883,terminal k-mer
kmer_4_AAAG,0.0017015559055578707,whole-repeat k-mer
kmer_3_ACC,0.0017012596962015826,whole-repeat k-mer
kmer_4_GTGG,0.0016986447914740044,whole-repeat k-mer
terminal_kmer_3_CTA,0.0016960629978901164,terminal k-mer
terminal_kmer_2_CA,0.0016902656333874304,terminal k-mer
kmer_3_CAG,0.0016899696441031126,whole-repeat k-mer
kmer_3_AAG,0.0016866527016381502,whole-repeat k-mer
terminal_kmer_3_CCA,0.0016864787438681153,terminal k-mer
kmer_4_GCCG,0.0016777749308513154,whole-repeat k-mer
kmer_3_CTT,0.001671280696267881,whole-repeat k-mer
kmer_4_TTTT,0.0016630894755200248,whole-repeat k-mer
terminal_kmer_2_AG,0.0016555751542014234,terminal k-mer
terminal_kmer_2_AC,0.0016531534269368922,terminal k-mer
terminal_kmer_4_AACC,0.0016521920660346905,terminal k-mer
kmer_3_GAA,0.0016472061509716026,whole-repeat k-mer
kmer_4_TGGT,0.0016438862496733217,whole-repeat k-mer
terminal_kmer_3_TAT,0.0016394536859723552,terminal k-mer
repeat_start_4_A_fraction,0.0016270466270979743,terminal composition
kmer_4_CAGT,0.0016227683428621604,whole-repeat k-mer
kmer_3_TGC,0.0016135533856577774,whole-repeat k-mer
terminal_kmer_3_TAA,0.0016115491285656335,terminal k-mer
kmer_4_ATTT,0.001609853756344309,whole-repeat k-mer
terminal_kmer_3_TGT,0.001607319131708849,terminal k-mer
kmer_4_GGTA,0.0015973061371413887,whole-repeat k-mer
terminal_kmer_4_AAAA,0.0015936012677102709,terminal k-mer
terminal_kmer_3_ACA,0.0015905910978305851,terminal k-mer
kmer_4_TTGT,0.0015895102517152373,whole-repeat k-mer
kmer_4_GCGG,0.001582264633564808,whole-repeat k-mer
kmer_3_CAT,0.0015707685517393408,whole-repeat k-mer
kmer_3_TGT,0.0015519424417489108,whole-repeat k-mer
kmer_3_ATA,0.0015496285767983386,whole-repeat k-mer
kmer_4_AAAA,0.0015404475745153141,whole-repeat k-mer
kmer_3_CAC,0.0015385323960907253,whole-repeat k-mer
terminal_kmer_3_TCC,0.0015315722384726593,terminal k-mer
kmer_4_GCGT,0.0015306590337129209,whole-repeat k-mer
kmer_4_GGCC,0.0015222304670775638,whole-repeat k-mer
terminal_kmer_4_AGAT,0.0015214218085463325,terminal k-mer
terminal_kmer_2_TG,0.0015195826993004602,terminal k-mer
kmer_4_CTTT,0.0015144127094607804,whole-repeat k-mer
terminal_kmer_3_ACT,0.0015017620942662522,terminal k-mer
kmer_4_CACT,0.0014954186409369013,whole-repeat k-mer
kmer_3_CTG,0.0014894834432858824,whole-repeat k-mer
kmer_4_GCTC,0.0014805256767552613,whole-repeat k-mer
terminal_kmer_3_AGT,0.0014744611276344415,terminal k-mer
terminal_kmer_3_ATC,0.001474373678535438,terminal k-mer
kmer_4_CCAC,0.0014735341704689893,whole-repeat k-mer
terminal_kmer_3_ATA,0.0014720686259940632,terminal k-mer
kmer_4_CTTC,0.0014689345198564173,whole-repeat k-mer
kmer_4_AAGG,0.0014650680005171268,whole-repeat k-mer
terminal_kmer_4_CTGC,0.0014567963993319282,terminal k-mer
terminal_kmer_4_TTTT,0.0014539067638091954,terminal k-mer
terminal_kmer_3_AAG,0.0014427511758847544,terminal k-mer
kmer_4_TTCC,0.0014398575925479663,whole-repeat k-mer
kmer_4_CCGC,0.0014347002398621285,whole-repeat k-mer
kmer_4_CTCG,0.0014310663498656995,whole-repeat k-mer
kmer_4_TCAG,0.0014299599553521734,whole-repeat k-mer
terminal_kmer_4_CTTT,0.0014276103643602073,terminal k-mer
terminal_kmer_4_AGAA,0.0014270518282113239,terminal k-mer
terminal_kmer_3_ACG,0.0014252989154255405,terminal k-mer
terminal_kmer_4_ATAT,0.001422558450784118,terminal k-mer
kmer_3_ACT,0.001417467392194741,whole-repeat k-mer
terminal_kmer_4_CGAC,0.0014165827720264482,terminal k-mer
kmer_3_ACA,0.0014133209614700358,whole-repeat k-mer
kmer_3_ATG,0.0013944285747941642,whole-repeat k-mer
kmer_3_GCA,0.001392383307080544,whole-repeat k-mer
terminal_kmer_3_GTA,0.0013885097175134655,terminal k-mer
terminal_kmer_4_TCAC,0.0013827100029772629,terminal k-mer
terminal_kmer_4_CAAA,0.0013789563051891803,terminal k-mer
kmer_4_TTAA,0.001376422386624807,whole-repeat k-mer
kmer_4_GAAG,0.0013715259499031904,whole-repeat k-mer
kmer_4_AACC,0.0013709396820163918,whole-repeat k-mer
terminal_kmer_3_TAC,0.0013534681434125217,terminal k-mer
kmer_4_CTGA,0.0013518682961518036,whole-repeat k-mer
terminal_kmer_3_TGG,0.0013469715475112525,terminal k-mer
terminal_kmer_3_GTC,0.0013461002020024875,terminal k-mer
kmer_3_CTC,0.0013355112273746278,whole-repeat k-mer
kmer_4_TGTA,0.0013272853096738487,whole-repeat k-mer
terminal_kmer_4_CTAA,0.00132134928274209,terminal k-mer
kmer_4_TTAG,0.0013081515015992361,whole-repeat k-mer
terminal_kmer_4_ATTC,0.001298213479808551,terminal k-mer
kmer_4_CAGC,0.0012982010740402354,whole-repeat k-mer
terminal_kmer_3_CTT,0.0012897828693649454,terminal k-mer
kmer_4_AGGC,0.0012885764437671914,whole-repeat k-mer
kmer_4_ACGC,0.001283801053985197,whole-repeat k-mer
terminal_kmer_3_GTG,0.001282336569916555,terminal k-mer
kmer_3_ACG,0.0012808637390042097,whole-repeat k-mer
kmer_4_TGTT,0.0012769506528537311,whole-repeat k-mer
terminal_kmer_4_TTCC,0.0012764148262016791,terminal k-mer
terminal_kmer_4_GTCT,0.001276247908273107,terminal k-mer
terminal_kmer_4_ATCT,0.001264990634945123,terminal k-mer
kmer_4_CGTC,0.001263246949724577,whole-repeat k-mer
terminal_kmer_4_TCCC,0.0012613676097301093,terminal k-mer
kmer_4_GACG,0.0012597552195521924,whole-repeat k-mer
kmer_4_CGCC,0.001258698657029931,whole-repeat k-mer
kmer_4_GTCC,0.0012574362061031302,whole-repeat k-mer
kmer_3_TAT,0.0012552067187312412,whole-repeat k-mer
kmer_4_TATA,0.0012416420381062762,whole-repeat k-mer
kmer_3_TCG,0.001236998128801233,whole-repeat k-mer
kmer_4_GCTG,0.0012351635328693275,whole-repeat k-mer
kmer_4_GTCT,0.0012270253504221816,whole-repeat k-mer
kmer_4_ACCA,0.0012217232840218094,whole-repeat k-mer
terminal_kmer_4_TGTA,0.001221217300435451,terminal k-mer
kmer_4_CCTC,0.0012197038880525119,whole-repeat k-mer
kmer_3_GAG,0.0012179698966169423,whole-repeat k-mer
terminal_kmer_3_GGA,0.0012163074737588013,terminal k-mer
terminal_kmer_3_CGA,0.001216094553449104,terminal k-mer
kmer_4_TCGG,0.0012093388869008962,whole-repeat k-mer
terminal_kmer_4_CTCA,0.0012086217505994582,terminal k-mer
kmer_4_CATT,0.0012048058854380844,whole-repeat k-mer
kmer_4_ATCT,0.0012035477170498716,whole-repeat k-mer
kmer_4_TTAT,0.0011999239971849038,whole-repeat k-mer
kmer_3_CGT,0.00119404363732118,whole-repeat k-mer
kmer_4_TCCA,0.001192375679531318,whole-repeat k-mer
terminal_kmer_4_TTTG,0.0011918935187885656,terminal k-mer
kmer_4_ATTA,0.0011903034235759638,whole-repeat k-mer
kmer_4_CAAA,0.0011876109385936555,whole-repeat k-mer
terminal_kmer_3_CGC,0.0011853342122077645,terminal k-mer
terminal_kmer_3_CAT,0.0011821267680123008,terminal k-mer
kmer_4_CATC,0.001177364071429498,whole-repeat k-mer
terminal_kmer_4_AAAT,0.0011772866354708095,terminal k-mer
terminal_kmer_4_TTCT,0.0011717869358509748,terminal k-mer
kmer_4_CCTA,0.0011684482982021122,whole-repeat k-mer
kmer_4_CGAC,0.0011629845945633909,whole-repeat k-mer
kmer_3_AGT,0.0011529824581152565,whole-repeat k-mer
kmer_4_GCCT,0.0011489875035395976,whole-repeat k-mer
kmer_4_GGCG,0.0011441895728139825,whole-repeat k-mer
kmer_4_TGCT,0.0011426704522551905,whole-repeat k-mer
terminal_kmer_4_GAAC,0.0011413562840874682,terminal k-mer
kmer_4_CTAA,0.0011390362123740796,whole-repeat k-mer
kmer_4_ACAT,0.001134900341798871,whole-repeat k-mer
terminal_kmer_4_TTAA,0.0011335638461569114,terminal k-mer
terminal_kmer_4_TGCT,0.0011289920372450784,terminal k-mer
terminal_kmer_4_CACT,0.001126369904043266,terminal k-mer
kmer_4_GTTC,0.0011244142961542743,whole-repeat k-mer
kmer_4_ATGT,0.0011225864601981381,whole-repeat k-mer
kmer_4_GAAT,0.0011171827245783242,whole-repeat k-mer
terminal_kmer_3_ATG,0.0011091738193301612,terminal k-mer
kmer_4_TATT,0.0011059578133444832,whole-repeat k-mer
kmer_4_CTTG,0.0011035109270714557,whole-repeat k-mer
kmer_4_ATGA,0.0011015223490555201,whole-repeat k-mer
kmer_4_GATC,0.001100740521075513,whole-repeat k-mer
kmer_4_ATAA,0.0010997519429340684,whole-repeat k-mer
kmer_4_TGGG,0.0010981986258281238,whole-repeat k-mer
kmer_4_ACAA,0.0010961131279738554,whole-repeat k-mer
kmer_4_TACA,0.0010927035417675872,whole-repeat k-mer
kmer_4_CTCA,0.0010913167477460451,whole-repeat k-mer
kmer_4_TCTG,0.001090633972135049,whole-repeat k-mer
kmer_4_GGTG,0.001079388737940227,whole-repeat k-mer
terminal_kmer_4_GTGA,0.0010665041845925474,terminal k-mer
terminal_kmer_4_TCGC,0.0010586858945296758,terminal k-mer
kmer_4_AGAT,0.0010546547836254845,whole-repeat k-mer
kmer_4_TGAC,0.0010534404269739888,whole-repeat k-mer
terminal_kmer_4_GATC,0.0010479924872751937,terminal k-mer
kmer_4_TGGA,0.0010466463447388187,whole-repeat k-mer
kmer_4_CTCT,0.0010456177910314792,whole-repeat k-mer
terminal_kmer_4_CCCA,0.0010411331512503905,terminal k-mer
kmer_3_CGA,0.0010388153563476866,whole-repeat k-mer
kmer_4_TACT,0.0010361178179934662,whole-repeat k-mer
kmer_4_TAAC,0.0010320411366312662,whole-repeat k-mer
kmer_4_AACG,0.0010305859460051177,whole-repeat k-mer
kmer_4_TAAT,0.0010268400379280379,whole-repeat k-mer
terminal_kmer_4_GCGA,0.0010203610001096382,terminal k-mer
terminal_kmer_4_AGCA,0.00101536955360838,terminal k-mer
terminal_kmer_4_AATG,0.0010145841223867063,terminal k-mer
terminal_kmer_3_CAC,0.0010092280934807579,terminal k-mer
kmer_4_TGAT,0.0010016130944087269,whole-repeat k-mer
kmer_4_AATA,0.0009922263090376554,whole-repeat k-mer
kmer_4_GGAA,0.0009887666774064208,whole-repeat k-mer
kmer_4_CTTA,0.0009877087887490883,whole-repeat k-mer
kmer_4_GAAC,0.0009868414724055906,whole-repeat k-mer
kmer_4_GATG,0.0009841456928195772,whole-repeat k-mer
kmer_4_TCAT,0.0009783889478138616,whole-repeat k-mer
kmer_4_ATCA,0.0009773728575781177,whole-repeat k-mer
kmer_4_TCAC,0.0009758082958704785,whole-repeat k-mer
terminal_kmer_4_GGAA,0.0009752464428285583,terminal k-mer
kmer_4_ACGA,0.0009746391774360367,whole-repeat k-mer
kmer_4_GAGG,0.0009732609299888749,whole-repeat k-mer
kmer_4_CCGT,0.0009629373212190056,whole-repeat k-mer
kmer_4_CGTG,0.0009584925648835987,whole-repeat k-mer
terminal_kmer_4_ATAA,0.0009564250786620336,terminal k-mer
terminal_kmer_4_GGTT,0.0009555982523778136,terminal k-mer
kmer_4_ATTC,0.0009518604136100881,whole-repeat k-mer
kmer_4_CGTT,0.0009495143043046565,whole-repeat k-mer
terminal_kmer_3_CTC,0.0009462802646571742,terminal k-mer
terminal_kmer_4_GATT,0.0009382626896175599,terminal k-mer
kmer_4_ATAT,0.0009234178769487322,whole-repeat k-mer
kmer_4_CTGT,0.000918814951980682,whole-repeat k-mer
kmer_4_TGAG,0.000918227702535289,whole-repeat k-mer
terminal_kmer_3_CGG,0.0009181583524046771,terminal k-mer
terminal_kmer_3_CCT,0.0009176525469307407,terminal k-mer
kmer_4_GCTT,0.000914629886347915,whole-repeat k-mer
terminal_kmer_4_TGTT,0.0009131190896260532,terminal k-mer
terminal_kmer_4_CCAT,0.0009112585504052151,terminal k-mer
kmer_4_GATA,0.0009060007097083568,whole-repeat k-mer
terminal_kmer_4_GGGA,0.0009054312707296939,terminal k-mer
kmer_4_TAGG,0.0009034564054218857,whole-repeat k-mer
kmer_4_AGCG,0.0008976567819073055,whole-repeat k-mer
terminal_kmer_3_GCG,0.0008928398558526795,terminal k-mer
kmer_4_TCCT,0.000891208618777114,whole-repeat k-mer
terminal_kmer_3_TCG,0.0008895599627028122,terminal k-mer
kmer_4_CAAG,0.0008885058489995095,whole-repeat k-mer
kmer_4_AGAG,0.0008836484051201161,whole-repeat k-mer
terminal_kmer_3_GGT,0.000883247191690678,terminal k-mer
terminal_kmer_4_ATTA,0.0008826802771454904,terminal k-mer
kmer_4_AGTA,0.0008823596438601491,whole-repeat k-mer
kmer_4_GCGA,0.0008819705778045511,whole-repeat k-mer
kmer_4_AGGA,0.0008770312612664192,whole-repeat k-mer
kmer_4_AGTG,0.0008740167409866405,whole-repeat k-mer
kmer_4_AGCA,0.0008679936135623378,whole-repeat k-mer
terminal_kmer_4_GTCG,0.0008661798251795887,terminal k-mer
kmer_4_CGGC,0.0008649828592863459,whole-repeat k-mer
kmer_4_CTAT,0.0008648174836204189,whole-repeat k-mer
terminal_kmer_4_CTTA,0.0008635187597422034,terminal k-mer
kmer_4_AACA,0.000863410851510189,whole-repeat k-mer
kmer_4_GAGC,0.0008535600876999631,whole-repeat k-mer
kmer_4_AAGC,0.0008533362289469881,whole-repeat k-mer
kmer_4_GGTC,0.0008468055548984333,whole-repeat k-mer
terminal_kmer_4_TCCA,0.0008464905337695438,terminal k-mer
kmer_4_GTAA,0.0008430378672590425,whole-repeat k-mer
kmer_4_TAAG,0.0008418300461067581,whole-repeat k-mer
terminal_kmer_4_GCTC,0.0008417929796732453,terminal k-mer
kmer_4_TCTT,0.0008388411519507295,whole-repeat k-mer
terminal_kmer_4_GCAG,0.0008370091320801706,terminal k-mer
kmer_4_TAGC,0.0008362062998430092,whole-repeat k-mer
terminal_kmer_3_GCA,0.0008329771808358832,terminal k-mer
kmer_4_AACT,0.0008318371819830976,whole-repeat k-mer
kmer_4_GTGA,0.0008312577074845297,whole-repeat k-mer
terminal_kmer_4_GAAT,0.0008301377718242628,terminal k-mer
kmer_4_TCCG,0.0008295907215139733,whole-repeat k-mer
kmer_4_TAGT,0.0008232897536346888,whole-repeat k-mer
kmer_4_GCAA,0.0008231433374810361,whole-repeat k-mer
kmer_4_ATAC,0.0008223645094497399,whole-repeat k-mer
kmer_4_ATGG,0.0008218661921969429,whole-repeat k-mer
terminal_kmer_4_TGTG,0.000819187988800597,terminal k-mer
terminal_kmer_4_ATTT,0.0008156747259131159,terminal k-mer
kmer_4_CACG,0.0008138426802758063,whole-repeat k-mer
kmer_4_ATAG,0.0008112646986594743,whole-repeat k-mer
terminal_kmer_4_AATC,0.0008107842369218725,terminal k-mer
terminal_kmer_4_TTAT,0.0008093703085177781,terminal k-mer
kmer_4_TTGC,0.0008044637572693054,whole-repeat k-mer
kmer_4_GTTA,0.000796256139018707,whole-repeat k-mer
kmer_4_GGAG,0.0007941899401296284,whole-repeat k-mer
terminal_kmer_3_AGG,0.0007856301399543373,terminal k-mer
kmer_4_AGCC,0.000778895110374108,whole-repeat k-mer
terminal_kmer_4_CATT,0.00077474574829511,terminal k-mer
kmer_4_GAGA,0.0007648312786753339,whole-repeat k-mer
kmer_4_TGGC,0.0007641000422359938,whole-repeat k-mer
terminal_kmer_4_AGTG,0.000759314539615258,terminal k-mer
terminal_kmer_3_TGC,0.0007591341243835706,terminal k-mer
terminal_kmer_3_AGC,0.0007565649649859133,terminal k-mer
terminal_kmer_4_AGAC,0.0007550806750403831,terminal k-mer
kmer_4_GTCG,0.0007507413373173654,whole-repeat k-mer
kmer_4_AAGA,0.0007495868975099042,whole-repeat k-mer
kmer_4_AGGT,0.0007417392181266723,whole-repeat k-mer
terminal_kmer_4_CGGT,0.0007414647514116605,terminal k-mer
kmer_4_TCTC,0.0007411243962195263,whole-repeat k-mer
kmer_4_GGGC,0.0007408762207635946,whole-repeat k-mer
kmer_4_TATC,0.0007320379978043921,whole-repeat k-mer
kmer_4_CTAG,0.0007304417494564287,whole-repeat k-mer
kmer_4_CAGG,0.0007236552057643026,whole-repeat k-mer
terminal_kmer_4_TAAG,0.0007227897070418156,terminal k-mer
kmer_4_TCGC,0.0007146299964142323,whole-repeat k-mer
kmer_4_ACCT,0.0007126834956129874,whole-repeat k-mer
kmer_4_CCAT,0.0007079929339831448,whole-repeat k-mer
kmer_4_CTCC,0.0007012829975101753,whole-repeat k-mer
terminal_kmer_4_ATGG,0.0007008797705063275,terminal k-mer
kmer_4_CCCA,0.0006996815468275414,whole-repeat k-mer
terminal_kmer_4_ACAC,0.0006992440210926741,terminal k-mer
terminal_kmer_4_CTGT,0.0006984669381226167,terminal k-mer
kmer_4_GGCT,0.0006981963166603591,whole-repeat k-mer
terminal_kmer_3_GAG,0.0006940017641650242,terminal k-mer
kmer_4_TGCA,0.0006938136915414679,whole-repeat k-mer
terminal_kmer_4_GTGC,0.0006931739124102278,terminal k-mer
terminal_kmer_4_TTCG,0.0006922296347020548,terminal k-mer
kmer_4_GCAT,0.0006896452953702723,whole-repeat k-mer
terminal_kmer_4_GAAG,0.0006860573901958442,terminal k-mer
terminal_kmer_4_ATAC,0.0006802424621361337,terminal k-mer
kmer_4_GTAC,0.0006788724906145818,whole-repeat k-mer
kmer_4_TTAC,0.0006780907997274106,whole-repeat k-mer
kmer_4_ACTA,0.0006775289520402303,whole-repeat k-mer
kmer_4_GCCC,0.0006730921233484722,whole-repeat k-mer
kmer_4_CCGG,0.0006693919102252121,whole-repeat k-mer
terminal_kmer_3_GCT,0.0006666360021408512,terminal k-mer
kmer_4_ACTT,0.0006637848278362731,whole-repeat k-mer
kmer_4_CCAG,0.0006635517924222642,whole-repeat k-mer
terminal_kmer_4_AACA,0.0006626553415996826,terminal k-mer
kmer_4_AGAC,0.0006535311981484313,whole-repeat k-mer
terminal_kmer_4_TAAT,0.0006496942465668304,terminal k-mer
kmer_4_CGGT,0.0006439426583891542,whole-repeat k-mer
terminal_kmer_4_ATGT,0.0006429645543625895,terminal k-mer
terminal_kmer_3_GGG,0.0006336848691409293,terminal k-mer
terminal_kmer_4_TGAG,0.0006314217714301565,terminal k-mer
terminal_kmer_4_GTAA,0.0006303601376035523,terminal k-mer
terminal_kmer_4_CTTC,0.0006256028235338183,terminal k-mer
terminal_kmer_3_ACC,0.0006243215680124757,terminal k-mer
terminal_kmer_4_TGGA,0.000620928428963242,terminal k-mer
kmer_4_TTCG,0.0006185619940646336,whole-repeat k-mer
kmer_4_CACC,0.0006177314618627944,whole-repeat k-mer
kmer_4_TCGA,0.0006133900413468545,whole-repeat k-mer
terminal_kmer_4_TTGC,0.0006092104762891787,terminal k-mer
kmer_4_CGCT,0.0006005500741519809,whole-repeat k-mer
kmer_4_CCTG,0.0005971514481369715,whole-repeat k-mer
kmer_4_ACGG,0.0005937546542799963,whole-repeat k-mer
kmer_4_CGAA,0.0005910907795109902,whole-repeat k-mer
kmer_4_CAGA,0.0005825932291657921,whole-repeat k-mer
terminal_kmer_4_ACAT,0.0005814338781632056,terminal k-mer
kmer_4_CATA,0.0005804847947140214,whole-repeat k-mer
terminal_kmer_4_CATA,0.0005770418035879805,terminal k-mer
kmer_4_ACCG,0.0005761534356465082,whole-repeat k-mer
terminal_kmer_4_CGAA,0.0005734209132864987,terminal k-mer
kmer_4_TATG,0.0005714168051691216,whole-repeat k-mer
kmer_4_GTGC,0.0005704780609213348,whole-repeat k-mer
terminal_kmer_4_GTGT,0.0005689627599988306,terminal k-mer
kmer_4_AGTT,0.0005631330028611037,whole-repeat k-mer
kmer_4_ATGC,0.0005614861522746616,whole-repeat k-mer
terminal_kmer_4_GTAC,0.0005483257712693745,terminal k-mer
terminal_kmer_4_TTAC,0.0005396791880002297,terminal k-mer
kmer_4_CGGA,0.0005346927190321714,whole-repeat k-mer
terminal_kmer_4_GAGG,0.0005327531329942566,terminal k-mer
kmer_4_CTGG,0.0005218095511182335,whole-repeat k-mer
kmer_4_AGTC,0.0005200764788964594,whole-repeat k-mer
terminal_kmer_4_GGTA,0.000519849181746164,terminal k-mer
terminal_kmer_4_GCTT,0.0005148002836630352,terminal k-mer
kmer_4_TGTG,0.0005134505390005645,whole-repeat k-mer
kmer_4_CGCA,0.0005070398863210079,whole-repeat k-mer
kmer_4_CATG,0.0005065098491058512,whole-repeat k-mer
terminal_kmer_4_TGCA,0.0005055575233130333,terminal k-mer
kmer_4_TCGT,0.0004983058146136168,whole-repeat k-mer
terminal_kmer_4_TAAC,0.0004965100500287543,terminal k-mer
kmer_4_GGAC,0.0004901183607538241,whole-repeat k-mer
kmer_4_GTAT,0.000489310114158281,whole-repeat k-mer
terminal_kmer_4_GCAA,0.0004892610912356303,terminal k-mer
kmer_4_GTCA,0.0004889981256790308,whole-repeat k-mer
terminal_kmer_4_GAGC,0.00048766578246046516,terminal k-mer
terminal_kmer_4_AAGC,0.00048723872879834906,terminal k-mer
terminal_kmer_4_GCAC,0.0004867628323104252,terminal k-mer
terminal_kmer_3_CCC,0.00048628085362349184,terminal k-mer
terminal_kmer_4_CATG,0.00048528652439866146,terminal k-mer
kmer_4_ACTC,0.00048377260944480434,whole-repeat k-mer
terminal_kmer_4_ATGA,0.000482243008288565,terminal k-mer
kmer_4_GCTA,0.00047726269888144046,whole-repeat k-mer
terminal_kmer_4_TAGT,0.00047521086659928013,terminal k-mer
terminal_kmer_4_GATA,0.0004691503774992105,terminal k-mer
terminal_kmer_4_CACA,0.00046776479239654504,terminal k-mer
terminal_kmer_4_AAGA,0.00046162654027210096,terminal k-mer
terminal_kmer_4_TGGG,0.0004533849557848653,terminal k-mer
kmer_4_GCCA,0.00045274885647805785,whole-repeat k-mer
kmer_4_GCAC,0.00045266389447769256,whole-repeat k-mer
terminal_kmer_4_TATA,0.0004496428041952549,terminal k-mer
kmer_4_TACG,0.0004492837439596805,whole-repeat k-mer
terminal_kmer_4_TCTT,0.00044463907499339684,terminal k-mer
terminal_kmer_4_ACTT,0.00044400905484146187,terminal k-mer
kmer_4_TGCG,0.00044050940561943453,whole-repeat k-mer
kmer_4_CGAG,0.000431512848582271,whole-repeat k-mer
kmer_4_ACAC,0.00042827102218721374,whole-repeat k-mer
kmer_4_GAGT,0.0004269802187157699,whole-repeat k-mer
terminal_kmer_4_GAGA,0.00041857750658316203,terminal k-mer
kmer_4_GACT,0.0004082675324277261,whole-repeat k-mer
kmer_4_AAGT,0.00040317554253745016,whole-repeat k-mer
kmer_4_CACA,0.0004027922717613828,whole-repeat k-mer
terminal_kmer_4_CTTG,0.0004014827192082806,terminal k-mer
kmer_4_CGTA,0.0003954614712041165,whole-repeat k-mer
terminal_kmer_4_TCTC,0.000394741538382007,terminal k-mer
kmer_4_TGTC,0.00038898125547016563,whole-repeat k-mer
terminal_kmer_4_TATG,0.000387317432047635,terminal k-mer
kmer_4_GACC,0.00037207647278875486,whole-repeat k-mer
terminal_kmer_4_CACG,0.00036484182895719626,terminal k-mer
terminal_kmer_4_CATC,0.0003627670356148905,terminal k-mer
kmer_4_GACA,0.00036100077185124936,whole-repeat k-mer
terminal_kmer_4_TCGA,0.00035981272539119117,terminal k-mer
terminal_kmer_4_TGAT,0.00035939988502440244,terminal k-mer
kmer_4_ATCG,0.00035648030446726103,whole-repeat k-mer
kmer_4_GTGT,0.0003557523935216478,whole-repeat k-mer
terminal_kmer_3_GGC,0.00035500539744111597,terminal k-mer
terminal_kmer_3_GCC,0.00035133256924613145,terminal k-mer
kmer_4_ACAG,0.0003499590046720472,whole-repeat k-mer
kmer_4_CCGA,0.0003431623403859836,whole-repeat k-mer
terminal_kmer_4_GTTA,0.00034188999854565486,terminal k-mer
terminal_kmer_4_GGAT,0.0003413042029469336,terminal k-mer
terminal_kmer_4_GGTG,0.0003380628641829355,terminal k-mer
terminal_kmer_4_TGGT,0.0003157584094985651,terminal k-mer
terminal_kmer_4_AGGC,0.0003102624637709303,terminal k-mer
terminal_kmer_4_GTAT,0.0003039246422547559,terminal k-mer
terminal_kmer_4_CAGA,0.00030187938018198346,terminal k-mer
terminal_kmer_4_TGGC,0.00030109990058993903,terminal k-mer
terminal_kmer_4_CGGA,0.00029847789951949156,terminal k-mer
kmer_4_CGAT,0.0002960622295852787,whole-repeat k-mer
terminal_kmer_4_ACTA,0.00028236046404909245,terminal k-mer
terminal_kmer_4_ACCA,0.0002822726349316218,terminal k-mer
terminal_kmer_4_CTAT,0.000282200312828823,terminal k-mer
terminal_kmer_4_AGTT,0.00027852038400150847,terminal k-mer
terminal_kmer_4_ATCA,0.0002748127539469954,terminal k-mer
terminal_kmer_4_ATAG,0.000269973564144402,terminal k-mer
terminal_kmer_4_GCTA,0.0002678651756113812,terminal k-mer
terminal_kmer_4_ACGG,0.00026519519748447677,terminal k-mer
terminal_kmer_4_TCAT,0.0002623766136268635,terminal k-mer
terminal_kmer_4_GACT,0.0002605978226045141,terminal k-mer
terminal_kmer_4_TCGG,0.0002566159183938593,terminal k-mer
terminal_kmer_4_GTCA,0.0002552428218744666,terminal k-mer
terminal_kmer_4_AGAG,0.00024683814333876684,terminal k-mer
terminal_kmer_4_AAGT,0.0002467146570614393,terminal k-mer
terminal_kmer_4_AACT,0.0002448596842720572,terminal k-mer
terminal_kmer_4_GATG,0.0002401215148495792,terminal k-mer
terminal_kmer_4_GACC,0.00023835721827825305,terminal k-mer
terminal_kmer_4_TGTC,0.0002323221606944811,terminal k-mer
terminal_kmer_4_AGTC,0.00023173563287059738,terminal k-mer
terminal_kmer_4_CGCA,0.00023128689287401456,terminal k-mer
terminal_kmer_4_GCAT,0.00023115269558361267,terminal k-mer
terminal_kmer_4_CGCG,0.0002289547058707771,terminal k-mer
terminal_kmer_4_CGAG,0.0002128317184855271,terminal k-mer
terminal_kmer_4_TGCG,0.00020782140072560414,terminal k-mer
terminal_kmer_4_GCCT,0.0002074048850483591,terminal k-mer
terminal_kmer_4_ATCC,0.00020689317322973073,terminal k-mer
terminal_kmer_4_GTGG,0.00020156222307695808,terminal k-mer
terminal_kmer_4_AGCG,0.00019720239791866416,terminal k-mer
terminal_kmer_4_GCCA,0.00019655027734896992,terminal k-mer
terminal_kmer_4_CGCC,0.00019632813394299272,terminal k-mer
terminal_kmer_4_GGAC,0.00019611499307974924,terminal k-mer
terminal_kmer_4_CCAC,0.00019599641575094275,terminal k-mer
terminal_kmer_4_CAAG,0.00019546508797884011,terminal k-mer
terminal_kmer_4_GCTG,0.0001938901037055592,terminal k-mer
kmer_4_ACGT,0.0001901373589459471,whole-repeat k-mer
terminal_kmer_4_ACCT,0.00018853221976687117,terminal k-mer
terminal_kmer_4_CCTG,0.0001877545184174705,terminal k-mer
terminal_kmer_4_CGCT,0.00018676174710830715,terminal k-mer
terminal_kmer_4_CCCG,0.00018486429949398508,terminal k-mer
terminal_kmer_4_CGTG,0.00018457406903457435,terminal k-mer
terminal_kmer_4_AGGG,0.0001723431072142538,terminal k-mer
terminal_kmer_4_TCGT,0.00017012887799419722,terminal k-mer
terminal_kmer_4_TATC,0.00016833695731046448,terminal k-mer
terminal_kmer_4_CTCT,0.00016791600680528837,terminal k-mer
terminal_kmer_4_TACG,0.00016549058075834665,terminal k-mer
terminal_kmer_4_TCCT,0.00016302152694874252,terminal k-mer
terminal_kmer_4_CTCC,0.00016176536559194565,terminal k-mer
terminal_kmer_4_ATCG,0.00016043933355566395,terminal k-mer
terminal_kmer_4_GACA,0.00015542858035474656,terminal k-mer
terminal_kmer_4_CACC,0.00015290938557859483,terminal k-mer
terminal_kmer_4_TAGG,0.0001521335767343552,terminal k-mer
terminal_kmer_4_CAGC,0.00014862352017029612,terminal k-mer
terminal_kmer_4_ATGC,0.00014800353270097097,terminal k-mer
terminal_kmer_4_CGGG,0.00014756896715892328,terminal k-mer
terminal_kmer_4_TAGC,0.00014755166969175704,terminal k-mer
terminal_kmer_4_GCGC,0.00014739751728798912,terminal k-mer
terminal_kmer_4_GGCG,0.0001429779247479776,terminal k-mer
terminal_kmer_4_CCAG,0.00014149818746952237,terminal k-mer
terminal_kmer_4_AGGA,0.00013599528728721724,terminal k-mer
terminal_kmer_4_GTCC,0.00012796120329691598,terminal k-mer
terminal_kmer_4_CTCG,0.00012581988169195008,terminal k-mer
terminal_kmer_4_CCCT,0.00012476232291150358,terminal k-mer
terminal_kmer_4_CGTA,0.0001244728974530098,terminal k-mer
terminal_kmer_4_GGCT,0.00011069982937219017,terminal k-mer
terminal_kmer_4_CGAT,0.0001081363116141014,terminal k-mer
terminal_kmer_4_GGAG,0.00010779545414795855,terminal k-mer
terminal_kmer_4_AAGG,0.00010624303908330288,terminal k-mer
terminal_kmer_4_ACTC,9.712895253839519e-05,terminal k-mer
terminal_kmer_4_TGCC,9.659845993205614e-05,terminal k-mer
terminal_kmer_4_GCCG,9.549933388522353e-05,terminal k-mer
terminal_kmer_4_GCGG,9.430918475211319e-05,terminal k-mer
terminal_kmer_4_AGCC,9.172127798800256e-05,terminal k-mer
terminal_kmer_4_CCGC,9.128318212484285e-05,terminal k-mer
terminal_kmer_4_GGTC,9.060517048869665e-05,terminal k-mer
terminal_kmer_4_ACAG,9.050618965258928e-05,terminal k-mer
terminal_kmer_4_CCTT,8.95271598248044e-05,terminal k-mer
terminal_kmer_4_CTGG,8.918967533476346e-05,terminal k-mer
terminal_kmer_4_TACC,8.669854327451655e-05,terminal k-mer
terminal_kmer_4_CCGG,8.633779585158262e-05,terminal k-mer
terminal_kmer_4_GGGG,8.42050546704065e-05,terminal k-mer
terminal_kmer_4_CCGA,7.905708468512141e-05,terminal k-mer
terminal_kmer_4_CCTA,7.504786074234907e-05,terminal k-mer
terminal_kmer_4_ACGC,6.88236894714074e-05,terminal k-mer
terminal_kmer_4_CTAG,6.83226319511292e-05,terminal k-mer
terminal_kmer_4_GGGT,6.804010559040249e-05,terminal k-mer
terminal_kmer_4_GAGT,6.66311225091937e-05,terminal k-mer
terminal_kmer_4_ACCC,6.531067312606367e-05,terminal k-mer
terminal_kmer_4_GCCC,6.403868956317974e-05,terminal k-mer
terminal_kmer_4_CCCC,6.36653129259695e-05,terminal k-mer
terminal_kmer_4_AGGT,6.345531940816753e-05,terminal k-mer
terminal_kmer_4_CGGC,6.24099761535807e-05,terminal k-mer
terminal_kmer_4_CAGG,5.317602949677564e-05,terminal k-mer
terminal_kmer_4_GCGT,4.3896732248703886e-05,terminal k-mer
terminal_kmer_4_GGCA,3.238775171946517e-05,terminal k-mer
terminal_kmer_4_AGCT,2.8646529710023054e-05,terminal k-mer
terminal_kmer_4_GGCC,2.4314286194487317e-05,terminal k-mer
terminal_kmer_4_GGGC,1.847122497503468e-05,terminal k-mer
std_spacer_length,0.0,other
