interaction_id	source_key	bacterium	strain	phage	bacterium_genome_linked	bacterium_reference_or_genome_linked	phage_genome_linked	pair_genome_ready	pair_hybrid_ready	dataset_tier
pa14_jbd18_plaque	Cady2012_PA14_CRISPR	Pseudomonas aeruginosa	PA14	JBD18	True	True	True	True	True	tier1_exact_pair
pa14_jbd25_plaque	Cady2012_PA14_CRISPR	Pseudomonas aeruginosa	PA14	JBD25	True	True	True	True	True	tier1_exact_pair
pa14_jbd67_plaque	Cady2012_PA14_CRISPR	Pseudomonas aeruginosa	PA14	JBD67	True	True	True	True	True	tier1_exact_pair
dgcc7710_s4_2972_eop	Magadan2012_CRISPR3	Streptococcus thermophilus	DGCC7710_phi2972_plus_S4	2972	True	True	True	True	True	tier1_exact_pair
dgcc7710_s85_2972_eop	Magadan2012_CRISPR3	Streptococcus thermophilus	DGCC7710_phi2972_plus_S85	2972	True	True	True	True	True	tier1_exact_pair
dgcc7710_s73_2972_eop	Magadan2012_CRISPR3	Streptococcus thermophilus	DGCC7710_phi2972_plus_S73	2972	True	True	True	True	True	tier1_exact_pair
dgcc7710_s77_2972_eop	Magadan2012_CRISPR3	Streptococcus thermophilus	DGCC7710_phi2972_plus_S77	2972	True	True	True	True	True	tier1_exact_pair
dgcc7710_s79_2972_eop	Magadan2012_CRISPR3	Streptococcus thermophilus	DGCC7710_phi2972_plus_S79	2972	True	True	True	True	True	tier1_exact_pair
dgcc7710_s81_2972_eop	Magadan2012_CRISPR3	Streptococcus thermophilus	DGCC7710_phi2972_plus_S81	2972	True	True	True	True	True	tier1_exact_pair
dgcc7710_s82_2972_eop	Magadan2012_CRISPR3	Streptococcus thermophilus	DGCC7710_phi2972_plus_S82	2972	True	True	True	True	True	tier1_exact_pair
dgcc7710_s61_s85_2972_eop	Magadan2012_CRISPR3	Streptococcus thermophilus	DGCC7710_phi2972_plus_S61_S85	2972	True	True	True	True	True	tier1_exact_pair
dgcc7710_s75_s86_2972_eop	Magadan2012_CRISPR3	Streptococcus thermophilus	DGCC7710_phi2972_plus_S75_S86	2972	True	True	True	True	True	tier1_exact_pair
dgcc7710_s61_s78_2972_eop	Magadan2012_CRISPR3	Streptococcus thermophilus	DGCC7710_phi2972_plus_S61_S78	2972	True	True	True	True	True	tier1_exact_pair
mirzaei2015_ecor_4_su10_eop	MirzaeiNilsson2015_EOP	Escherichia coli	ECOR_4	SU10	False	True	True	False	True	tier2_proxy_host_exact_phage
mirzaei2015_ecor_4_su16_eop	MirzaeiNilsson2015_EOP	Escherichia coli	ECOR_4	SU16	False	True	False	False	False	tier4_host_only_or_proxy
mirzaei2015_ecor_4_su27_eop	MirzaeiNilsson2015_EOP	Escherichia coli	ECOR_4	SU27	False	True	False	False	False	tier4_host_only_or_proxy
mirzaei2015_ecor_4_su32_eop	MirzaeiNilsson2015_EOP	Escherichia coli	ECOR_4	SU32	False	True	False	False	False	tier4_host_only_or_proxy
mirzaei2015_ecor_4_su63_eop	MirzaeiNilsson2015_EOP	Escherichia coli	ECOR_4	SU63	False	True	False	False	False	tier4_host_only_or_proxy
mirzaei2015_ecor_5_su27_eop	MirzaeiNilsson2015_EOP	Escherichia coli	ECOR_5	SU27	False	True	False	False	False	tier4_host_only_or_proxy
mirzaei2015_ecor_6_su57_eop	MirzaeiNilsson2015_EOP	Escherichia coli	ECOR_6	SU57	False	True	True	False	True	tier2_proxy_host_exact_phage
mirzaei2015_ecor_8_su63_eop	MirzaeiNilsson2015_EOP	Escherichia coli	ECOR_8	SU63	False	True	False	False	False	tier4_host_only_or_proxy
mirzaei2015_ecor_10_su10_eop	MirzaeiNilsson2015_EOP	Escherichia coli	ECOR_10	SU10	True	True	True	True	True	tier1_exact_pair
mirzaei2015_ecor_10_su16_eop	MirzaeiNilsson2015_EOP	Escherichia coli	ECOR_10	SU16	True	True	False	False	False	tier4_host_only_or_proxy
mirzaei2015_ecor_10_su27_eop	MirzaeiNilsson2015_EOP	Escherichia coli	ECOR_10	SU27	True	True	False	False	False	tier4_host_only_or_proxy
mirzaei2015_ecor_10_su63_eop	MirzaeiNilsson2015_EOP	Escherichia coli	ECOR_10	SU63	True	True	False	False	False	tier4_host_only_or_proxy
mirzaei2015_ecor_13_su10_eop	MirzaeiNilsson2015_EOP	Escherichia coli	ECOR_13	SU10	True	True	True	True	True	tier1_exact_pair
mirzaei2015_ecor_13_su27_eop	MirzaeiNilsson2015_EOP	Escherichia coli	ECOR_13	SU27	True	True	False	False	False	tier4_host_only_or_proxy
mirzaei2015_ecor_15_su32_eop	MirzaeiNilsson2015_EOP	Escherichia coli	ECOR_15	SU32	True	True	False	False	False	tier4_host_only_or_proxy
mirzaei2015_ecor_16_su16_eop	MirzaeiNilsson2015_EOP	Escherichia coli	ECOR_16	SU16	True	True	False	False	False	tier4_host_only_or_proxy
mirzaei2015_ecor_16_su27_eop	MirzaeiNilsson2015_EOP	Escherichia coli	ECOR_16	SU27	True	True	False	False	False	tier4_host_only_or_proxy
mirzaei2015_ecor_16_su32_eop	MirzaeiNilsson2015_EOP	Escherichia coli	ECOR_16	SU32	True	True	False	False	False	tier4_host_only_or_proxy
mirzaei2015_ecor_16_su63_eop	MirzaeiNilsson2015_EOP	Escherichia coli	ECOR_16	SU63	True	True	False	False	False	tier4_host_only_or_proxy
mirzaei2015_ecor_19_su16_eop	MirzaeiNilsson2015_EOP	Escherichia coli	ECOR_19	SU16	True	True	False	False	False	tier4_host_only_or_proxy
mirzaei2015_ecor_20_su16_eop	MirzaeiNilsson2015_EOP	Escherichia coli	ECOR_20	SU16	True	True	False	False	False	tier4_host_only_or_proxy
mirzaei2015_ecor_20_su27_eop	MirzaeiNilsson2015_EOP	Escherichia coli	ECOR_20	SU27	True	True	False	False	False	tier4_host_only_or_proxy
mirzaei2015_ecor_21_su16_eop	MirzaeiNilsson2015_EOP	Escherichia coli	ECOR_21	SU16	True	True	False	False	False	tier4_host_only_or_proxy
mirzaei2015_ecor_22_su27_eop	MirzaeiNilsson2015_EOP	Escherichia coli	ECOR_22	SU27	True	True	False	False	False	tier4_host_only_or_proxy
mirzaei2015_ecor_22_su63_eop	MirzaeiNilsson2015_EOP	Escherichia coli	ECOR_22	SU63	True	True	False	False	False	tier4_host_only_or_proxy
mirzaei2015_ecor_23_su10_eop	MirzaeiNilsson2015_EOP	Escherichia coli	ECOR_23	SU10	True	True	True	True	True	tier1_exact_pair
mirzaei2015_ecor_23_su16_eop	MirzaeiNilsson2015_EOP	Escherichia coli	ECOR_23	SU16	True	True	False	False	False	tier4_host_only_or_proxy
mirzaei2015_ecor_23_su27_eop	MirzaeiNilsson2015_EOP	Escherichia coli	ECOR_23	SU27	True	True	False	False	False	tier4_host_only_or_proxy
mirzaei2015_ecor_23_su32_eop	MirzaeiNilsson2015_EOP	Escherichia coli	ECOR_23	SU32	True	True	False	False	False	tier4_host_only_or_proxy
mirzaei2015_ecor_23_su63_eop	MirzaeiNilsson2015_EOP	Escherichia coli	ECOR_23	SU63	True	True	False	False	False	tier4_host_only_or_proxy
mirzaei2015_ecor_24_su10_eop	MirzaeiNilsson2015_EOP	Escherichia coli	ECOR_24	SU10	True	True	True	True	True	tier1_exact_pair
mirzaei2015_ecor_26_su27_eop	MirzaeiNilsson2015_EOP	Escherichia coli	ECOR_26	SU27	True	True	False	False	False	tier4_host_only_or_proxy
mirzaei2015_ecor_26_su32_eop	MirzaeiNilsson2015_EOP	Escherichia coli	ECOR_26	SU32	True	True	False	False	False	tier4_host_only_or_proxy
mirzaei2015_ecor_26_su63_eop	MirzaeiNilsson2015_EOP	Escherichia coli	ECOR_26	SU63	True	True	False	False	False	tier4_host_only_or_proxy
mirzaei2015_ecor_27_su16_eop	MirzaeiNilsson2015_EOP	Escherichia coli	ECOR_27	SU16	True	True	False	False	False	tier4_host_only_or_proxy
mirzaei2015_ecor_27_su27_eop	MirzaeiNilsson2015_EOP	Escherichia coli	ECOR_27	SU27	True	True	False	False	False	tier4_host_only_or_proxy
mirzaei2015_ecor_27_su32_eop	MirzaeiNilsson2015_EOP	Escherichia coli	ECOR_27	SU32	True	True	False	False	False	tier4_host_only_or_proxy
mirzaei2015_ecor_27_su63_eop	MirzaeiNilsson2015_EOP	Escherichia coli	ECOR_27	SU63	True	True	False	False	False	tier4_host_only_or_proxy
mirzaei2015_ecor_29_su16_eop	MirzaeiNilsson2015_EOP	Escherichia coli	ECOR_29	SU16	True	True	False	False	False	tier4_host_only_or_proxy
mirzaei2015_ecor_29_su27_eop	MirzaeiNilsson2015_EOP	Escherichia coli	ECOR_29	SU27	True	True	False	False	False	tier4_host_only_or_proxy
mirzaei2015_ecor_29_su63_eop	MirzaeiNilsson2015_EOP	Escherichia coli	ECOR_29	SU63	True	True	False	False	False	tier4_host_only_or_proxy
mirzaei2015_ecor_30_su16_eop	MirzaeiNilsson2015_EOP	Escherichia coli	ECOR_30	SU16	True	True	False	False	False	tier4_host_only_or_proxy
mirzaei2015_ecor_30_su27_eop	MirzaeiNilsson2015_EOP	Escherichia coli	ECOR_30	SU27	True	True	False	False	False	tier4_host_only_or_proxy
mirzaei2015_ecor_30_su63_eop	MirzaeiNilsson2015_EOP	Escherichia coli	ECOR_30	SU63	True	True	False	False	False	tier4_host_only_or_proxy
mirzaei2015_ecor_32_su10_eop	MirzaeiNilsson2015_EOP	Escherichia coli	ECOR_32	SU10	True	True	True	True	True	tier1_exact_pair
mirzaei2015_ecor_32_su16_eop	MirzaeiNilsson2015_EOP	Escherichia coli	ECOR_32	SU16	True	True	False	False	False	tier4_host_only_or_proxy
mirzaei2015_ecor_32_su27_eop	MirzaeiNilsson2015_EOP	Escherichia coli	ECOR_32	SU27	True	True	False	False	False	tier4_host_only_or_proxy
mirzaei2015_ecor_32_su32_eop	MirzaeiNilsson2015_EOP	Escherichia coli	ECOR_32	SU32	True	True	False	False	False	tier4_host_only_or_proxy
mirzaei2015_ecor_33_su10_eop	MirzaeiNilsson2015_EOP	Escherichia coli	ECOR_33	SU10	True	True	True	True	True	tier1_exact_pair
mirzaei2015_ecor_33_su16_eop	MirzaeiNilsson2015_EOP	Escherichia coli	ECOR_33	SU16	True	True	False	False	False	tier4_host_only_or_proxy
mirzaei2015_ecor_33_su27_eop	MirzaeiNilsson2015_EOP	Escherichia coli	ECOR_33	SU27	True	True	False	False	False	tier4_host_only_or_proxy
mirzaei2015_ecor_34_su16_eop	MirzaeiNilsson2015_EOP	Escherichia coli	ECOR_34	SU16	True	True	False	False	False	tier4_host_only_or_proxy
mirzaei2015_ecor_34_su27_eop	MirzaeiNilsson2015_EOP	Escherichia coli	ECOR_34	SU27	True	True	False	False	False	tier4_host_only_or_proxy
mirzaei2015_ecor_34_su63_eop	MirzaeiNilsson2015_EOP	Escherichia coli	ECOR_34	SU63	True	True	False	False	False	tier4_host_only_or_proxy
mirzaei2015_ecor_35_su10_eop	MirzaeiNilsson2015_EOP	Escherichia coli	ECOR_35	SU10	True	True	True	True	True	tier1_exact_pair
mirzaei2015_ecor_35_su16_eop	MirzaeiNilsson2015_EOP	Escherichia coli	ECOR_35	SU16	True	True	False	False	False	tier4_host_only_or_proxy
mirzaei2015_ecor_35_su32_eop	MirzaeiNilsson2015_EOP	Escherichia coli	ECOR_35	SU32	True	True	False	False	False	tier4_host_only_or_proxy
mirzaei2015_ecor_35_su63_eop	MirzaeiNilsson2015_EOP	Escherichia coli	ECOR_35	SU63	True	True	False	False	False	tier4_host_only_or_proxy
mirzaei2015_ecor_36_su10_eop	MirzaeiNilsson2015_EOP	Escherichia coli	ECOR_36	SU10	True	True	True	True	True	tier1_exact_pair
mirzaei2015_ecor_36_su16_eop	MirzaeiNilsson2015_EOP	Escherichia coli	ECOR_36	SU16	True	True	False	False	False	tier4_host_only_or_proxy
mirzaei2015_ecor_36_su32_eop	MirzaeiNilsson2015_EOP	Escherichia coli	ECOR_36	SU32	True	True	False	False	False	tier4_host_only_or_proxy
mirzaei2015_ecor_36_su57_eop	MirzaeiNilsson2015_EOP	Escherichia coli	ECOR_36	SU57	True	True	True	True	True	tier1_exact_pair
mirzaei2015_ecor_36_su63_eop	MirzaeiNilsson2015_EOP	Escherichia coli	ECOR_36	SU63	True	True	False	False	False	tier4_host_only_or_proxy
mirzaei2015_ecor_37_su63_eop	MirzaeiNilsson2015_EOP	Escherichia coli	ECOR_37	SU63	True	True	False	False	False	tier4_host_only_or_proxy
mirzaei2015_ecor_38_su10_eop	MirzaeiNilsson2015_EOP	Escherichia coli	ECOR_38	SU10	True	True	True	True	True	tier1_exact_pair
mirzaei2015_ecor_38_su16_eop	MirzaeiNilsson2015_EOP	Escherichia coli	ECOR_38	SU16	True	True	False	False	False	tier4_host_only_or_proxy
mirzaei2015_ecor_38_su63_eop	MirzaeiNilsson2015_EOP	Escherichia coli	ECOR_38	SU63	True	True	False	False	False	tier4_host_only_or_proxy
mirzaei2015_ecor_39_su10_eop	MirzaeiNilsson2015_EOP	Escherichia coli	ECOR_39	SU10	True	True	True	True	True	tier1_exact_pair
mirzaei2015_ecor_39_su16_eop	MirzaeiNilsson2015_EOP	Escherichia coli	ECOR_39	SU16	True	True	False	False	False	tier4_host_only_or_proxy
mirzaei2015_ecor_40_su10_eop	MirzaeiNilsson2015_EOP	Escherichia coli	ECOR_40	SU10	True	True	True	True	True	tier1_exact_pair
mirzaei2015_ecor_40_su16_eop	MirzaeiNilsson2015_EOP	Escherichia coli	ECOR_40	SU16	True	True	False	False	False	tier4_host_only_or_proxy
mirzaei2015_ecor_40_su27_eop	MirzaeiNilsson2015_EOP	Escherichia coli	ECOR_40	SU27	True	True	False	False	False	tier4_host_only_or_proxy
mirzaei2015_ecor_40_su57_eop	MirzaeiNilsson2015_EOP	Escherichia coli	ECOR_40	SU57	True	True	True	True	True	tier1_exact_pair
mirzaei2015_ecor_40_su63_eop	MirzaeiNilsson2015_EOP	Escherichia coli	ECOR_40	SU63	True	True	False	False	False	tier4_host_only_or_proxy
mirzaei2015_ecor_41_su10_eop	MirzaeiNilsson2015_EOP	Escherichia coli	ECOR_41	SU10	True	True	True	True	True	tier1_exact_pair
mirzaei2015_ecor_41_su16_eop	MirzaeiNilsson2015_EOP	Escherichia coli	ECOR_41	SU16	True	True	False	False	False	tier4_host_only_or_proxy
mirzaei2015_ecor_41_su57_eop	MirzaeiNilsson2015_EOP	Escherichia coli	ECOR_41	SU57	True	True	True	True	True	tier1_exact_pair
mirzaei2015_ecor_42_su10_eop	MirzaeiNilsson2015_EOP	Escherichia coli	ECOR_42	SU10	True	True	True	True	True	tier1_exact_pair
mirzaei2015_ecor_42_su16_eop	MirzaeiNilsson2015_EOP	Escherichia coli	ECOR_42	SU16	True	True	False	False	False	tier4_host_only_or_proxy
mirzaei2015_ecor_42_su63_eop	MirzaeiNilsson2015_EOP	Escherichia coli	ECOR_42	SU63	True	True	False	False	False	tier4_host_only_or_proxy
mirzaei2015_ecor_43_su16_eop	MirzaeiNilsson2015_EOP	Escherichia coli	ECOR_43	SU16	True	True	False	False	False	tier4_host_only_or_proxy
mirzaei2015_ecor_43_su63_eop	MirzaeiNilsson2015_EOP	Escherichia coli	ECOR_43	SU63	True	True	False	False	False	tier4_host_only_or_proxy
mirzaei2015_ecor_46_su16_eop	MirzaeiNilsson2015_EOP	Escherichia coli	ECOR_46	SU16	True	True	False	False	False	tier4_host_only_or_proxy
mirzaei2015_ecor_47_su10_eop	MirzaeiNilsson2015_EOP	Escherichia coli	ECOR_47	SU10	True	True	True	True	True	tier1_exact_pair
mirzaei2015_ecor_47_su16_eop	MirzaeiNilsson2015_EOP	Escherichia coli	ECOR_47	SU16	True	True	False	False	False	tier4_host_only_or_proxy
mirzaei2015_ecor_47_su27_eop	MirzaeiNilsson2015_EOP	Escherichia coli	ECOR_47	SU27	True	True	False	False	False	tier4_host_only_or_proxy
mirzaei2015_ecor_48_su10_eop	MirzaeiNilsson2015_EOP	Escherichia coli	ECOR_48	SU10	False	True	True	False	True	tier2_proxy_host_exact_phage
mirzaei2015_ecor_48_su16_eop	MirzaeiNilsson2015_EOP	Escherichia coli	ECOR_48	SU16	False	True	False	False	False	tier4_host_only_or_proxy
mirzaei2015_ecor_48_su27_eop	MirzaeiNilsson2015_EOP	Escherichia coli	ECOR_48	SU27	False	True	False	False	False	tier4_host_only_or_proxy
mirzaei2015_ecor_48_su63_eop	MirzaeiNilsson2015_EOP	Escherichia coli	ECOR_48	SU63	False	True	False	False	False	tier4_host_only_or_proxy
mirzaei2015_ecor_49_su10_eop	MirzaeiNilsson2015_EOP	Escherichia coli	ECOR_49	SU10	True	True	True	True	True	tier1_exact_pair
mirzaei2015_ecor_49_su16_eop	MirzaeiNilsson2015_EOP	Escherichia coli	ECOR_49	SU16	True	True	False	False	False	tier4_host_only_or_proxy
mirzaei2015_ecor_49_su27_eop	MirzaeiNilsson2015_EOP	Escherichia coli	ECOR_49	SU27	True	True	False	False	False	tier4_host_only_or_proxy
mirzaei2015_ecor_50_su10_eop	MirzaeiNilsson2015_EOP	Escherichia coli	ECOR_50	SU10	True	True	True	True	True	tier1_exact_pair
mirzaei2015_ecor_50_su16_eop	MirzaeiNilsson2015_EOP	Escherichia coli	ECOR_50	SU16	True	True	False	False	False	tier4_host_only_or_proxy
mirzaei2015_ecor_50_su57_eop	MirzaeiNilsson2015_EOP	Escherichia coli	ECOR_50	SU57	True	True	True	True	True	tier1_exact_pair
mirzaei2015_ecor_50_su63_eop	MirzaeiNilsson2015_EOP	Escherichia coli	ECOR_50	SU63	True	True	False	False	False	tier4_host_only_or_proxy
mirzaei2015_ecor_51_su10_eop	MirzaeiNilsson2015_EOP	Escherichia coli	ECOR_51	SU10	True	True	True	True	True	tier1_exact_pair
mirzaei2015_ecor_51_su16_eop	MirzaeiNilsson2015_EOP	Escherichia coli	ECOR_51	SU16	True	True	False	False	False	tier4_host_only_or_proxy
mirzaei2015_ecor_51_su27_eop	MirzaeiNilsson2015_EOP	Escherichia coli	ECOR_51	SU27	True	True	False	False	False	tier4_host_only_or_proxy
mirzaei2015_ecor_51_su32_eop	MirzaeiNilsson2015_EOP	Escherichia coli	ECOR_51	SU32	True	True	False	False	False	tier4_host_only_or_proxy
mirzaei2015_ecor_51_su57_eop	MirzaeiNilsson2015_EOP	Escherichia coli	ECOR_51	SU57	True	True	True	True	True	tier1_exact_pair
mirzaei2015_ecor_51_su63_eop	MirzaeiNilsson2015_EOP	Escherichia coli	ECOR_51	SU63	True	True	False	False	False	tier4_host_only_or_proxy
mirzaei2015_ecor_52_su10_eop	MirzaeiNilsson2015_EOP	Escherichia coli	ECOR_52	SU10	True	True	True	True	True	tier1_exact_pair
mirzaei2015_ecor_52_su16_eop	MirzaeiNilsson2015_EOP	Escherichia coli	ECOR_52	SU16	True	True	False	False	False	tier4_host_only_or_proxy
mirzaei2015_ecor_52_su27_eop	MirzaeiNilsson2015_EOP	Escherichia coli	ECOR_52	SU27	True	True	False	False	False	tier4_host_only_or_proxy
mirzaei2015_ecor_52_su32_eop	MirzaeiNilsson2015_EOP	Escherichia coli	ECOR_52	SU32	True	True	False	False	False	tier4_host_only_or_proxy
mirzaei2015_ecor_52_su63_eop	MirzaeiNilsson2015_EOP	Escherichia coli	ECOR_52	SU63	True	True	False	False	False	tier4_host_only_or_proxy
mirzaei2015_ecor_53_su16_eop	MirzaeiNilsson2015_EOP	Escherichia coli	ECOR_53	SU16	True	True	False	False	False	tier4_host_only_or_proxy
mirzaei2015_ecor_53_su27_eop	MirzaeiNilsson2015_EOP	Escherichia coli	ECOR_53	SU27	True	True	False	False	False	tier4_host_only_or_proxy
mirzaei2015_ecor_53_su32_eop	MirzaeiNilsson2015_EOP	Escherichia coli	ECOR_53	SU32	True	True	False	False	False	tier4_host_only_or_proxy
mirzaei2015_ecor_53_su63_eop	MirzaeiNilsson2015_EOP	Escherichia coli	ECOR_53	SU63	True	True	False	False	False	tier4_host_only_or_proxy
mirzaei2015_ecor_54_su10_eop	MirzaeiNilsson2015_EOP	Escherichia coli	ECOR_54	SU10	True	True	True	True	True	tier1_exact_pair
mirzaei2015_ecor_54_su16_eop	MirzaeiNilsson2015_EOP	Escherichia coli	ECOR_54	SU16	True	True	False	False	False	tier4_host_only_or_proxy
mirzaei2015_ecor_54_su27_eop	MirzaeiNilsson2015_EOP	Escherichia coli	ECOR_54	SU27	True	True	False	False	False	tier4_host_only_or_proxy
mirzaei2015_ecor_54_su32_eop	MirzaeiNilsson2015_EOP	Escherichia coli	ECOR_54	SU32	True	True	False	False	False	tier4_host_only_or_proxy
mirzaei2015_ecor_54_su63_eop	MirzaeiNilsson2015_EOP	Escherichia coli	ECOR_54	SU63	True	True	False	False	False	tier4_host_only_or_proxy
mirzaei2015_ecor_55_su10_eop	MirzaeiNilsson2015_EOP	Escherichia coli	ECOR_55	SU10	True	True	True	True	True	tier1_exact_pair
mirzaei2015_ecor_55_su16_eop	MirzaeiNilsson2015_EOP	Escherichia coli	ECOR_55	SU16	True	True	False	False	False	tier4_host_only_or_proxy
mirzaei2015_ecor_55_su27_eop	MirzaeiNilsson2015_EOP	Escherichia coli	ECOR_55	SU27	True	True	False	False	False	tier4_host_only_or_proxy
mirzaei2015_ecor_55_su32_eop	MirzaeiNilsson2015_EOP	Escherichia coli	ECOR_55	SU32	True	True	False	False	False	tier4_host_only_or_proxy
mirzaei2015_ecor_55_su63_eop	MirzaeiNilsson2015_EOP	Escherichia coli	ECOR_55	SU63	True	True	False	False	False	tier4_host_only_or_proxy
mirzaei2015_ecor_56_su10_eop	MirzaeiNilsson2015_EOP	Escherichia coli	ECOR_56	SU10	True	True	True	True	True	tier1_exact_pair
mirzaei2015_ecor_56_su16_eop	MirzaeiNilsson2015_EOP	Escherichia coli	ECOR_56	SU16	True	True	False	False	False	tier4_host_only_or_proxy
mirzaei2015_ecor_56_su27_eop	MirzaeiNilsson2015_EOP	Escherichia coli	ECOR_56	SU27	True	True	False	False	False	tier4_host_only_or_proxy
mirzaei2015_ecor_56_su63_eop	MirzaeiNilsson2015_EOP	Escherichia coli	ECOR_56	SU63	True	True	False	False	False	tier4_host_only_or_proxy
mirzaei2015_ecor_57_su10_eop	MirzaeiNilsson2015_EOP	Escherichia coli	ECOR_57	SU10	True	True	True	True	True	tier1_exact_pair
mirzaei2015_ecor_57_su16_eop	MirzaeiNilsson2015_EOP	Escherichia coli	ECOR_57	SU16	True	True	False	False	False	tier4_host_only_or_proxy
mirzaei2015_ecor_57_su27_eop	MirzaeiNilsson2015_EOP	Escherichia coli	ECOR_57	SU27	True	True	False	False	False	tier4_host_only_or_proxy
mirzaei2015_ecor_57_su32_eop	MirzaeiNilsson2015_EOP	Escherichia coli	ECOR_57	SU32	True	True	False	False	False	tier4_host_only_or_proxy
mirzaei2015_ecor_57_su57_eop	MirzaeiNilsson2015_EOP	Escherichia coli	ECOR_57	SU57	True	True	True	True	True	tier1_exact_pair
mirzaei2015_ecor_57_su63_eop	MirzaeiNilsson2015_EOP	Escherichia coli	ECOR_57	SU63	True	True	False	False	False	tier4_host_only_or_proxy
mirzaei2015_ecor_59_su10_eop	MirzaeiNilsson2015_EOP	Escherichia coli	ECOR_59	SU10	True	True	True	True	True	tier1_exact_pair
mirzaei2015_ecor_59_su16_eop	MirzaeiNilsson2015_EOP	Escherichia coli	ECOR_59	SU16	True	True	False	False	False	tier4_host_only_or_proxy
mirzaei2015_ecor_59_su27_eop	MirzaeiNilsson2015_EOP	Escherichia coli	ECOR_59	SU27	True	True	False	False	False	tier4_host_only_or_proxy
mirzaei2015_ecor_59_su63_eop	MirzaeiNilsson2015_EOP	Escherichia coli	ECOR_59	SU63	True	True	False	False	False	tier4_host_only_or_proxy
mirzaei2015_ecor_60_su16_eop	MirzaeiNilsson2015_EOP	Escherichia coli	ECOR_60	SU16	True	True	False	False	False	tier4_host_only_or_proxy
mirzaei2015_ecor_60_su32_eop	MirzaeiNilsson2015_EOP	Escherichia coli	ECOR_60	SU32	True	True	False	False	False	tier4_host_only_or_proxy
mirzaei2015_ecor_61_su10_eop	MirzaeiNilsson2015_EOP	Escherichia coli	ECOR_61	SU10	True	True	True	True	True	tier1_exact_pair
mirzaei2015_ecor_61_su16_eop	MirzaeiNilsson2015_EOP	Escherichia coli	ECOR_61	SU16	True	True	False	False	False	tier4_host_only_or_proxy
mirzaei2015_ecor_61_su27_eop	MirzaeiNilsson2015_EOP	Escherichia coli	ECOR_61	SU27	True	True	False	False	False	tier4_host_only_or_proxy
mirzaei2015_ecor_61_su32_eop	MirzaeiNilsson2015_EOP	Escherichia coli	ECOR_61	SU32	True	True	False	False	False	tier4_host_only_or_proxy
mirzaei2015_ecor_61_su57_eop	MirzaeiNilsson2015_EOP	Escherichia coli	ECOR_61	SU57	True	True	True	True	True	tier1_exact_pair
mirzaei2015_ecor_61_su63_eop	MirzaeiNilsson2015_EOP	Escherichia coli	ECOR_61	SU63	True	True	False	False	False	tier4_host_only_or_proxy
mirzaei2015_ecor_62_su10_eop	MirzaeiNilsson2015_EOP	Escherichia coli	ECOR_62	SU10	True	True	True	True	True	tier1_exact_pair
mirzaei2015_ecor_62_su16_eop	MirzaeiNilsson2015_EOP	Escherichia coli	ECOR_62	SU16	True	True	False	False	False	tier4_host_only_or_proxy
mirzaei2015_ecor_62_su57_eop	MirzaeiNilsson2015_EOP	Escherichia coli	ECOR_62	SU57	True	True	True	True	True	tier1_exact_pair
mirzaei2015_ecor_62_su63_eop	MirzaeiNilsson2015_EOP	Escherichia coli	ECOR_62	SU63	True	True	False	False	False	tier4_host_only_or_proxy
mirzaei2015_ecor_63_su16_eop	MirzaeiNilsson2015_EOP	Escherichia coli	ECOR_63	SU16	True	True	False	False	False	tier4_host_only_or_proxy
mirzaei2015_ecor_63_su27_eop	MirzaeiNilsson2015_EOP	Escherichia coli	ECOR_63	SU27	True	True	False	False	False	tier4_host_only_or_proxy
mirzaei2015_ecor_63_su57_eop	MirzaeiNilsson2015_EOP	Escherichia coli	ECOR_63	SU57	True	True	True	True	True	tier1_exact_pair
mirzaei2015_ecor_63_su63_eop	MirzaeiNilsson2015_EOP	Escherichia coli	ECOR_63	SU63	True	True	False	False	False	tier4_host_only_or_proxy
mirzaei2015_ecor_64_su10_eop	MirzaeiNilsson2015_EOP	Escherichia coli	ECOR_64	SU10	True	True	True	True	True	tier1_exact_pair
mirzaei2015_ecor_64_su16_eop	MirzaeiNilsson2015_EOP	Escherichia coli	ECOR_64	SU16	True	True	False	False	False	tier4_host_only_or_proxy
mirzaei2015_ecor_64_su57_eop	MirzaeiNilsson2015_EOP	Escherichia coli	ECOR_64	SU57	True	True	True	True	True	tier1_exact_pair
mirzaei2015_ecor_65_su16_eop	MirzaeiNilsson2015_EOP	Escherichia coli	ECOR_65	SU16	True	True	False	False	False	tier4_host_only_or_proxy
mirzaei2015_ecor_66_su27_eop	MirzaeiNilsson2015_EOP	Escherichia coli	ECOR_66	SU27	True	True	False	False	False	tier4_host_only_or_proxy
mirzaei2015_ecor_66_su32_eop	MirzaeiNilsson2015_EOP	Escherichia coli	ECOR_66	SU32	True	True	False	False	False	tier4_host_only_or_proxy
mirzaei2015_ecor_66_su63_eop	MirzaeiNilsson2015_EOP	Escherichia coli	ECOR_66	SU63	True	True	False	False	False	tier4_host_only_or_proxy
mirzaei2015_ecor_67_su10_eop	MirzaeiNilsson2015_EOP	Escherichia coli	ECOR_67	SU10	True	True	True	True	True	tier1_exact_pair
mirzaei2015_ecor_67_su16_eop	MirzaeiNilsson2015_EOP	Escherichia coli	ECOR_67	SU16	True	True	False	False	False	tier4_host_only_or_proxy
mirzaei2015_ecor_67_su27_eop	MirzaeiNilsson2015_EOP	Escherichia coli	ECOR_67	SU27	True	True	False	False	False	tier4_host_only_or_proxy
mirzaei2015_ecor_67_su63_eop	MirzaeiNilsson2015_EOP	Escherichia coli	ECOR_67	SU63	True	True	False	False	False	tier4_host_only_or_proxy
mirzaei2015_ecor_68_su10_eop	MirzaeiNilsson2015_EOP	Escherichia coli	ECOR_68	SU10	True	True	True	True	True	tier1_exact_pair
mirzaei2015_ecor_68_su16_eop	MirzaeiNilsson2015_EOP	Escherichia coli	ECOR_68	SU16	True	True	False	False	False	tier4_host_only_or_proxy
mirzaei2015_ecor_68_su27_eop	MirzaeiNilsson2015_EOP	Escherichia coli	ECOR_68	SU27	True	True	False	False	False	tier4_host_only_or_proxy
mirzaei2015_ecor_68_su32_eop	MirzaeiNilsson2015_EOP	Escherichia coli	ECOR_68	SU32	True	True	False	False	False	tier4_host_only_or_proxy
mirzaei2015_ecor_68_su63_eop	MirzaeiNilsson2015_EOP	Escherichia coli	ECOR_68	SU63	True	True	False	False	False	tier4_host_only_or_proxy
mirzaei2015_ecor_69_su57_eop	MirzaeiNilsson2015_EOP	Escherichia coli	ECOR_69	SU57	True	True	True	True	True	tier1_exact_pair
mirzaei2015_ecor_71_su10_eop	MirzaeiNilsson2015_EOP	Escherichia coli	ECOR_71	SU10	True	True	True	True	True	tier1_exact_pair
mirzaei2015_ecor_71_su16_eop	MirzaeiNilsson2015_EOP	Escherichia coli	ECOR_71	SU16	True	True	False	False	False	tier4_host_only_or_proxy
mirzaei2015_ecor_71_su27_eop	MirzaeiNilsson2015_EOP	Escherichia coli	ECOR_71	SU27	True	True	False	False	False	tier4_host_only_or_proxy
mirzaei2015_ecor_71_su63_eop	MirzaeiNilsson2015_EOP	Escherichia coli	ECOR_71	SU63	True	True	False	False	False	tier4_host_only_or_proxy
mirzaei2015_ecor_72_su16_eop	MirzaeiNilsson2015_EOP	Escherichia coli	ECOR_72	SU16	True	True	False	False	False	tier4_host_only_or_proxy
mirzaei2015_ecor_72_su63_eop	MirzaeiNilsson2015_EOP	Escherichia coli	ECOR_72	SU63	True	True	False	False	False	tier4_host_only_or_proxy
mirzaei2015_esbl_e_coli_19_su10_eop	MirzaeiNilsson2015_EOP	Escherichia coli	ESBL_Ecoli_19	SU10	False	True	True	False	True	tier2_proxy_host_exact_phage
mirzaei2015_esbl_e_coli_19_su27_eop	MirzaeiNilsson2015_EOP	Escherichia coli	ESBL_Ecoli_19	SU27	False	True	False	False	False	tier4_host_only_or_proxy
mirzaei2015_esbl_e_coli_19_su32_eop	MirzaeiNilsson2015_EOP	Escherichia coli	ESBL_Ecoli_19	SU32	False	True	False	False	False	tier4_host_only_or_proxy
mirzaei2015_esbl_e_coli_19_su63_eop	MirzaeiNilsson2015_EOP	Escherichia coli	ESBL_Ecoli_19	SU63	False	True	False	False	False	tier4_host_only_or_proxy
mirzaei2015_esbl_e_coli_32_su10_eop	MirzaeiNilsson2015_EOP	Escherichia coli	ESBL_Ecoli_32	SU10	False	True	True	False	True	tier2_proxy_host_exact_phage
mirzaei2015_esbl_e_coli_32_su16_eop	MirzaeiNilsson2015_EOP	Escherichia coli	ESBL_Ecoli_32	SU16	False	True	False	False	False	tier4_host_only_or_proxy
mirzaei2015_esbl_e_coli_32_su27_eop	MirzaeiNilsson2015_EOP	Escherichia coli	ESBL_Ecoli_32	SU27	False	True	False	False	False	tier4_host_only_or_proxy
mirzaei2015_esbl_e_coli_32_su63_eop	MirzaeiNilsson2015_EOP	Escherichia coli	ESBL_Ecoli_32	SU63	False	True	False	False	False	tier4_host_only_or_proxy
mirzaei2015_esbl_e_coli_39_su10_eop	MirzaeiNilsson2015_EOP	Escherichia coli	ESBL_Ecoli_39	SU10	False	True	True	False	True	tier2_proxy_host_exact_phage
mirzaei2015_esbl_e_coli_39_su16_eop	MirzaeiNilsson2015_EOP	Escherichia coli	ESBL_Ecoli_39	SU16	False	True	False	False	False	tier4_host_only_or_proxy
mirzaei2015_esbl_e_coli_39_su57_eop	MirzaeiNilsson2015_EOP	Escherichia coli	ESBL_Ecoli_39	SU57	False	True	True	False	True	tier2_proxy_host_exact_phage
mirzaei2015_esbl_e_coli_41_su16_eop	MirzaeiNilsson2015_EOP	Escherichia coli	ESBL_Ecoli_41	SU16	False	True	False	False	False	tier4_host_only_or_proxy
mirzaei2015_esbl_e_coli_41_su63_eop	MirzaeiNilsson2015_EOP	Escherichia coli	ESBL_Ecoli_41	SU63	False	True	False	False	False	tier4_host_only_or_proxy
mirzaei2015_esbl_e_coli_44_su10_eop	MirzaeiNilsson2015_EOP	Escherichia coli	ESBL_Ecoli_44	SU10	False	True	True	False	True	tier2_proxy_host_exact_phage
mirzaei2015_esbl_e_coli_44_su16_eop	MirzaeiNilsson2015_EOP	Escherichia coli	ESBL_Ecoli_44	SU16	False	True	False	False	False	tier4_host_only_or_proxy
mirzaei2015_esbl_e_coli_44_su27_eop	MirzaeiNilsson2015_EOP	Escherichia coli	ESBL_Ecoli_44	SU27	False	True	False	False	False	tier4_host_only_or_proxy
mirzaei2015_esbl_e_coli_44_su32_eop	MirzaeiNilsson2015_EOP	Escherichia coli	ESBL_Ecoli_44	SU32	False	True	False	False	False	tier4_host_only_or_proxy
mirzaei2015_esbl_e_coli_44_su63_eop	MirzaeiNilsson2015_EOP	Escherichia coli	ESBL_Ecoli_44	SU63	False	True	False	False	False	tier4_host_only_or_proxy
mirzaei2015_esbl_e_coli_127_su27_eop	MirzaeiNilsson2015_EOP	Escherichia coli	ESBL_Ecoli_127	SU27	False	True	False	False	False	tier4_host_only_or_proxy
mirzaei2015_esbl_e_coli_127_su32_eop	MirzaeiNilsson2015_EOP	Escherichia coli	ESBL_Ecoli_127	SU32	False	True	False	False	False	tier4_host_only_or_proxy
mirzaei2015_esbl_e_coli_128_su16_eop	MirzaeiNilsson2015_EOP	Escherichia coli	ESBL_Ecoli_128	SU16	False	True	False	False	False	tier4_host_only_or_proxy
mirzaei2015_esbl_e_coli_128_su27_eop	MirzaeiNilsson2015_EOP	Escherichia coli	ESBL_Ecoli_128	SU27	False	True	False	False	False	tier4_host_only_or_proxy
mirzaei2015_esbl_e_coli_128_su32_eop	MirzaeiNilsson2015_EOP	Escherichia coli	ESBL_Ecoli_128	SU32	False	True	False	False	False	tier4_host_only_or_proxy
mirzaei2015_esbl_e_coli_128_su63_eop	MirzaeiNilsson2015_EOP	Escherichia coli	ESBL_Ecoli_128	SU63	False	True	False	False	False	tier4_host_only_or_proxy
mirzaei2015_esbl_e_coli_130_su27_eop	MirzaeiNilsson2015_EOP	Escherichia coli	ESBL_Ecoli_130	SU27	False	True	False	False	False	tier4_host_only_or_proxy
mirzaei2015_esbl_e_coli_130_su32_eop	MirzaeiNilsson2015_EOP	Escherichia coli	ESBL_Ecoli_130	SU32	False	True	False	False	False	tier4_host_only_or_proxy
mirzaei2015_esbl_e_coli_130_su63_eop	MirzaeiNilsson2015_EOP	Escherichia coli	ESBL_Ecoli_130	SU63	False	True	False	False	False	tier4_host_only_or_proxy
mirzaei2015_esbl_e_coli_133_su16_eop	MirzaeiNilsson2015_EOP	Escherichia coli	ESBL_Ecoli_133	SU16	False	True	False	False	False	tier4_host_only_or_proxy
mirzaei2015_esbl_e_coli_133_su63_eop	MirzaeiNilsson2015_EOP	Escherichia coli	ESBL_Ecoli_133	SU63	False	True	False	False	False	tier4_host_only_or_proxy
mirzaei2015_esbl_e_coli_134_su27_eop	MirzaeiNilsson2015_EOP	Escherichia coli	ESBL_Ecoli_134	SU27	False	True	False	False	False	tier4_host_only_or_proxy
mirzaei2015_esbl_e_coli_134_su32_eop	MirzaeiNilsson2015_EOP	Escherichia coli	ESBL_Ecoli_134	SU32	False	True	False	False	False	tier4_host_only_or_proxy
mirzaei2015_esbl_e_coli_165_su16_eop	MirzaeiNilsson2015_EOP	Escherichia coli	ESBL_Ecoli_165	SU16	False	True	False	False	False	tier4_host_only_or_proxy
mirzaei2015_esbl_e_coli_165_su27_eop	MirzaeiNilsson2015_EOP	Escherichia coli	ESBL_Ecoli_165	SU27	False	True	False	False	False	tier4_host_only_or_proxy
mirzaei2015_esbl_e_coli_170_su27_eop	MirzaeiNilsson2015_EOP	Escherichia coli	ESBL_Ecoli_170	SU27	False	True	False	False	False	tier4_host_only_or_proxy
mirzaei2015_esbl_e_coli_198_su10_eop	MirzaeiNilsson2015_EOP	Escherichia coli	ESBL_Ecoli_198	SU10	False	True	True	False	True	tier2_proxy_host_exact_phage
mirzaei2015_esbl_e_coli_198_su27_eop	MirzaeiNilsson2015_EOP	Escherichia coli	ESBL_Ecoli_198	SU27	False	True	False	False	False	tier4_host_only_or_proxy
mirzaei2015_esbl_e_coli_198_su32_eop	MirzaeiNilsson2015_EOP	Escherichia coli	ESBL_Ecoli_198	SU32	False	True	False	False	False	tier4_host_only_or_proxy
mirzaei2015_esbl_e_coli_198_su57_eop	MirzaeiNilsson2015_EOP	Escherichia coli	ESBL_Ecoli_198	SU57	False	True	True	False	True	tier2_proxy_host_exact_phage
mirzaei2015_esbl_e_coli_198_su63_eop	MirzaeiNilsson2015_EOP	Escherichia coli	ESBL_Ecoli_198	SU63	False	True	False	False	False	tier4_host_only_or_proxy
mirzaei2015_esbl_e_coli_232_su27_eop	MirzaeiNilsson2015_EOP	Escherichia coli	ESBL_Ecoli_232	SU27	False	True	False	False	False	tier4_host_only_or_proxy
mirzaei2015_esbl_e_coli_314a_su10_eop	MirzaeiNilsson2015_EOP	Escherichia coli	ESBL_Ecoli_314A	SU10	False	True	True	False	True	tier2_proxy_host_exact_phage
mirzaei2015_esbl_e_coli_314a_su16_eop	MirzaeiNilsson2015_EOP	Escherichia coli	ESBL_Ecoli_314A	SU16	False	True	False	False	False	tier4_host_only_or_proxy
mirzaei2015_esbl_e_coli_314a_su27_eop	MirzaeiNilsson2015_EOP	Escherichia coli	ESBL_Ecoli_314A	SU27	False	True	False	False	False	tier4_host_only_or_proxy
mirzaei2015_esbl_e_coli_314a_su63_eop	MirzaeiNilsson2015_EOP	Escherichia coli	ESBL_Ecoli_314A	SU63	False	True	False	False	False	tier4_host_only_or_proxy
mirzaei2015_esbl_e_coli_314b_su10_eop	MirzaeiNilsson2015_EOP	Escherichia coli	ESBL_Ecoli_314B	SU10	False	True	True	False	True	tier2_proxy_host_exact_phage
mirzaei2015_esbl_e_coli_314b_su16_eop	MirzaeiNilsson2015_EOP	Escherichia coli	ESBL_Ecoli_314B	SU16	False	True	False	False	False	tier4_host_only_or_proxy
mirzaei2015_esbl_e_coli_314b_su27_eop	MirzaeiNilsson2015_EOP	Escherichia coli	ESBL_Ecoli_314B	SU27	False	True	False	False	False	tier4_host_only_or_proxy
mirzaei2015_sara_15_su32_eop	MirzaeiNilsson2015_EOP	Salmonella enterica	SARA_15	SU32	False	True	False	False	False	tier4_host_only_or_proxy
mirzaei2015_sara_15_su57_eop	MirzaeiNilsson2015_EOP	Salmonella enterica	SARA_15	SU57	False	True	True	False	True	tier2_proxy_host_exact_phage
mirzaei2015_sara_15_su63_eop	MirzaeiNilsson2015_EOP	Salmonella enterica	SARA_15	SU63	False	True	False	False	False	tier4_host_only_or_proxy
mirzaei2015_sara_17_su32_eop	MirzaeiNilsson2015_EOP	Salmonella enterica	SARA_17	SU32	False	True	False	False	False	tier4_host_only_or_proxy
mirzaei2015_sara_32_su10_eop	MirzaeiNilsson2015_EOP	Salmonella enterica	SARA_32	SU10	False	True	True	False	True	tier2_proxy_host_exact_phage
mirzaei2015_sara_33_su27_eop	MirzaeiNilsson2015_EOP	Salmonella enterica	SARA_33	SU27	False	True	False	False	False	tier4_host_only_or_proxy
mirzaei2015_sara_33_su57_eop	MirzaeiNilsson2015_EOP	Salmonella enterica	SARA_33	SU57	False	True	True	False	True	tier2_proxy_host_exact_phage
mirzaei2015_sara_34_su32_eop	MirzaeiNilsson2015_EOP	Salmonella enterica	SARA_34	SU32	False	True	False	False	False	tier4_host_only_or_proxy
mirzaei2015_sara_42_su32_eop	MirzaeiNilsson2015_EOP	Salmonella enterica	SARA_42	SU32	False	True	False	False	False	tier4_host_only_or_proxy
mirzaei2015_sara_45_su10_eop	MirzaeiNilsson2015_EOP	Salmonella enterica	SARA_45	SU10	False	True	True	False	True	tier2_proxy_host_exact_phage
mirzaei2015_sara_45_su16_eop	MirzaeiNilsson2015_EOP	Salmonella enterica	SARA_45	SU16	False	True	False	False	False	tier4_host_only_or_proxy
mirzaei2015_sara_45_su27_eop	MirzaeiNilsson2015_EOP	Salmonella enterica	SARA_45	SU27	False	True	False	False	False	tier4_host_only_or_proxy
mirzaei2015_sara_45_su32_eop	MirzaeiNilsson2015_EOP	Salmonella enterica	SARA_45	SU32	False	True	False	False	False	tier4_host_only_or_proxy
mirzaei2015_sara_45_su57_eop	MirzaeiNilsson2015_EOP	Salmonella enterica	SARA_45	SU57	False	True	True	False	True	tier2_proxy_host_exact_phage
mirzaei2015_sara_50_su32_eop	MirzaeiNilsson2015_EOP	Salmonella enterica	SARA_50	SU32	False	True	False	False	False	tier4_host_only_or_proxy
mirzaei2015_sara_61_su32_eop	MirzaeiNilsson2015_EOP	Salmonella enterica	SARA_61	SU32	False	True	False	False	False	tier4_host_only_or_proxy
mirzaei2015_sarb_4_su32_eop	MirzaeiNilsson2015_EOP	Salmonella enterica	SARB_4	SU32	False	True	False	False	False	tier4_host_only_or_proxy
mirzaei2015_sarb_4_su57_eop	MirzaeiNilsson2015_EOP	Salmonella enterica	SARB_4	SU57	False	True	True	False	True	tier2_proxy_host_exact_phage
mirzaei2015_sarb_5_su16_eop	MirzaeiNilsson2015_EOP	Salmonella enterica	SARB_5	SU16	False	True	False	False	False	tier4_host_only_or_proxy
mirzaei2015_sarb_13_su27_eop	MirzaeiNilsson2015_EOP	Salmonella enterica	SARB_13	SU27	False	True	False	False	False	tier4_host_only_or_proxy
mirzaei2015_sarb_13_su32_eop	MirzaeiNilsson2015_EOP	Salmonella enterica	SARB_13	SU32	False	True	False	False	False	tier4_host_only_or_proxy
mirzaei2015_sarb_21_su10_eop	MirzaeiNilsson2015_EOP	Salmonella enterica	SARB_21	SU10	False	True	True	False	True	tier2_proxy_host_exact_phage
mirzaei2015_sarb_21_su32_eop	MirzaeiNilsson2015_EOP	Salmonella enterica	SARB_21	SU32	False	True	False	False	False	tier4_host_only_or_proxy
mirzaei2015_sarb_21_su57_eop	MirzaeiNilsson2015_EOP	Salmonella enterica	SARB_21	SU57	False	True	True	False	True	tier2_proxy_host_exact_phage
mirzaei2015_sarb_47_su10_eop	MirzaeiNilsson2015_EOP	Salmonella enterica	SARB_47	SU10	False	True	True	False	True	tier2_proxy_host_exact_phage
mirzaei2015_sarb_47_su63_eop	MirzaeiNilsson2015_EOP	Salmonella enterica	SARB_47	SU63	False	True	False	False	False	tier4_host_only_or_proxy
mirzaei2015_sarb_48_su10_eop	MirzaeiNilsson2015_EOP	Salmonella enterica	SARB_48	SU10	False	True	True	False	True	tier2_proxy_host_exact_phage
mirzaei2015_sarb_48_su32_eop	MirzaeiNilsson2015_EOP	Salmonella enterica	SARB_48	SU32	False	True	False	False	False	tier4_host_only_or_proxy
mirzaei2015_sarb_48_su57_eop	MirzaeiNilsson2015_EOP	Salmonella enterica	SARB_48	SU57	False	True	True	False	True	tier2_proxy_host_exact_phage
mirzaei2015_sarb_49_su63_eop	MirzaeiNilsson2015_EOP	Salmonella enterica	SARB_49	SU63	False	True	False	False	False	tier4_host_only_or_proxy
mirzaei2015_sarb_50_su16_eop	MirzaeiNilsson2015_EOP	Salmonella enterica	SARB_50	SU16	False	True	False	False	False	tier4_host_only_or_proxy
mirzaei2015_sarb_51_su32_eop	MirzaeiNilsson2015_EOP	Salmonella enterica	SARB_51	SU32	False	True	False	False	False	tier4_host_only_or_proxy
mirzaei2015_sarb_51_su57_eop	MirzaeiNilsson2015_EOP	Salmonella enterica	SARB_51	SU57	False	True	True	False	True	tier2_proxy_host_exact_phage
mirzaei2015_sarb_57_su63_eop	MirzaeiNilsson2015_EOP	Salmonella enterica	SARB_57	SU63	False	True	False	False	False	tier4_host_only_or_proxy
mirzaei2015_sarb_67_su63_eop	MirzaeiNilsson2015_EOP	Salmonella enterica	SARB_67	SU63	False	True	False	False	False	tier4_host_only_or_proxy
sofy2021_k_pneumoniae_1_host_kpp5_eop	Sofy2021_KPP5	Klebsiella pneumoniae	K_pneumoniae_1_host	KPP-5	False	True	True	False	True	tier2_proxy_host_exact_phage
sofy2021_k_pneumoniae_2_kpp5_eop	Sofy2021_KPP5	Klebsiella pneumoniae	K_pneumoniae_2	KPP-5	True	True	True	True	True	tier1_exact_pair
sofy2021_k_pneumoniae_3_kpp5_eop	Sofy2021_KPP5	Klebsiella pneumoniae	K_pneumoniae_3	KPP-5	False	True	True	False	True	tier2_proxy_host_exact_phage
sofy2021_k_pneumoniae_4_kpp5_eop	Sofy2021_KPP5	Klebsiella pneumoniae	K_pneumoniae_4	KPP-5	True	True	True	True	True	tier1_exact_pair
sofy2021_k_pneumoniae_5_kpp5_eop	Sofy2021_KPP5	Klebsiella pneumoniae	K_pneumoniae_5	KPP-5	True	True	True	True	True	tier1_exact_pair
sofy2021_k_pneumoniae_6_kpp5_eop	Sofy2021_KPP5	Klebsiella pneumoniae	K_pneumoniae_6	KPP-5	True	True	True	True	True	tier1_exact_pair
sofy2021_k_pneumoniae_7_kpp5_eop	Sofy2021_KPP5	Klebsiella pneumoniae	K_pneumoniae_7	KPP-5	True	True	True	True	True	tier1_exact_pair
sofy2021_k_pneumoniae_8_kpp5_eop	Sofy2021_KPP5	Klebsiella pneumoniae	K_pneumoniae_8	KPP-5	True	True	True	True	True	tier1_exact_pair
sofy2021_k_pneumoniae_9_kpp5_eop	Sofy2021_KPP5	Klebsiella pneumoniae	K_pneumoniae_9	KPP-5	False	True	True	False	True	tier2_proxy_host_exact_phage
sofy2021_k_pneumoniae_10_kpp5_eop	Sofy2021_KPP5	Klebsiella pneumoniae	K_pneumoniae_10	KPP-5	True	True	True	True	True	tier1_exact_pair
sofy2021_k_pneumoniae_11_kpp5_eop	Sofy2021_KPP5	Klebsiella pneumoniae	K_pneumoniae_11	KPP-5	False	True	True	False	True	tier2_proxy_host_exact_phage
sofy2021_k_pneumoniae_12_kpp5_eop	Sofy2021_KPP5	Klebsiella pneumoniae	K_pneumoniae_12	KPP-5	True	True	True	True	True	tier1_exact_pair
sofy2021_k_pneumoniae_13_kpp5_eop	Sofy2021_KPP5	Klebsiella pneumoniae	K_pneumoniae_13	KPP-5	True	True	True	True	True	tier1_exact_pair
sofy2021_k_pneumoniae_14_kpp5_eop	Sofy2021_KPP5	Klebsiella pneumoniae	K_pneumoniae_14	KPP-5	True	True	True	True	True	tier1_exact_pair
sofy2021_k_pneumoniae_15_kpp5_eop	Sofy2021_KPP5	Klebsiella pneumoniae	K_pneumoniae_15	KPP-5	True	True	True	True	True	tier1_exact_pair
sofy2021_k_pneumoniae_16_kpp5_eop	Sofy2021_KPP5	Klebsiella pneumoniae	K_pneumoniae_16	KPP-5	True	True	True	True	True	tier1_exact_pair
sofy2021_k_pneumoniae_17_kpp5_eop	Sofy2021_KPP5	Klebsiella pneumoniae	K_pneumoniae_17	KPP-5	True	True	True	True	True	tier1_exact_pair
sofy2021_k_pneumoniae_18_kpp5_eop	Sofy2021_KPP5	Klebsiella pneumoniae	K_pneumoniae_18	KPP-5	True	True	True	True	True	tier1_exact_pair
sofy2021_k_pneumoniae_19_kpp5_eop	Sofy2021_KPP5	Klebsiella pneumoniae	K_pneumoniae_19	KPP-5	True	True	True	True	True	tier1_exact_pair
sofy2021_e_coli_1_kpp5_eop	Sofy2021_KPP5	Escherichia coli	E_coli_1	KPP-5	True	True	True	True	True	tier1_exact_pair
sofy2021_e_coli_2_kpp5_eop	Sofy2021_KPP5	Escherichia coli	E_coli_2	KPP-5	True	True	True	True	True	tier1_exact_pair
sofy2021_e_coli_3_kpp5_eop	Sofy2021_KPP5	Escherichia coli	E_coli_3	KPP-5	True	True	True	True	True	tier1_exact_pair
sofy2021_e_coli_4_kpp5_eop	Sofy2021_KPP5	Escherichia coli	E_coli_4	KPP-5	False	True	True	False	True	tier2_proxy_host_exact_phage
sofy2021_e_coli_5_kpp5_eop	Sofy2021_KPP5	Escherichia coli	E_coli_5	KPP-5	True	True	True	True	True	tier1_exact_pair
sofy2021_e_coli_6_kpp5_eop	Sofy2021_KPP5	Escherichia coli	E_coli_6	KPP-5	True	True	True	True	True	tier1_exact_pair
sofy2021_s_typhimurium_1_kpp5_eop	Sofy2021_KPP5	Salmonella enterica	S_Typhimurium_1	KPP-5	False	True	True	False	True	tier2_proxy_host_exact_phage
sofy2021_s_typhimurium_2_kpp5_eop	Sofy2021_KPP5	Salmonella enterica	S_Typhimurium_2	KPP-5	False	True	True	False	True	tier2_proxy_host_exact_phage
sofy2021_s_typhimurium_3_kpp5_eop	Sofy2021_KPP5	Salmonella enterica	S_Typhimurium_3	KPP-5	False	True	True	False	True	tier2_proxy_host_exact_phage
sofy2021_p_aeruginosa_1_kpp5_eop	Sofy2021_KPP5	Pseudomonas aeruginosa	P_aeruginosa_1	KPP-5	False	True	True	False	True	tier2_proxy_host_exact_phage
sofy2021_p_aeruginosa_2_kpp5_eop	Sofy2021_KPP5	Pseudomonas aeruginosa	P_aeruginosa_2	KPP-5	False	True	True	False	True	tier2_proxy_host_exact_phage
sofy2021_p_aeruginosa_3_kpp5_eop	Sofy2021_KPP5	Pseudomonas aeruginosa	P_aeruginosa_3	KPP-5	True	True	True	True	True	tier1_exact_pair
latka2021_kp_9068_kps8_eop	Latka2021_K23Klebsiella	Klebsiella pneumoniae	Kp-9068	KpS8	False	True	True	False	True	tier2_proxy_host_exact_phage
latka2021_kp_9068_vb_kpnm_seu621_eop	Latka2021_K23Klebsiella	Klebsiella pneumoniae	Kp-9068	vB_KpnM_Seu621	False	True	True	False	True	tier2_proxy_host_exact_phage
latka2021_kp_9068_vb_kpnp_dlv622_eop	Latka2021_K23Klebsiella	Klebsiella pneumoniae	Kp-9068	vB_KpnP_Dlv622	False	True	True	False	True	tier2_proxy_host_exact_phage
latka2021_kpi4275_kps8_eop	Latka2021_K23Klebsiella	Klebsiella pneumoniae	KPi4275	KpS8	False	True	True	False	True	tier2_proxy_host_exact_phage
latka2021_kpi4275_vb_kpnm_seu621_eop	Latka2021_K23Klebsiella	Klebsiella pneumoniae	KPi4275	vB_KpnM_Seu621	False	True	True	False	True	tier2_proxy_host_exact_phage
latka2021_kpi4275_vb_kpnp_dlv622_eop	Latka2021_K23Klebsiella	Klebsiella pneumoniae	KPi4275	vB_KpnP_Dlv622	False	True	True	False	True	tier2_proxy_host_exact_phage
latka2021_kpb2304_15_kps8_eop	Latka2021_K23Klebsiella	Klebsiella pneumoniae	KPB2304-15	KpS8	False	True	True	False	True	tier2_proxy_host_exact_phage
latka2021_kpb2304_15_vb_kpnm_seu621_eop	Latka2021_K23Klebsiella	Klebsiella pneumoniae	KPB2304-15	vB_KpnM_Seu621	False	True	True	False	True	tier2_proxy_host_exact_phage
latka2021_kpb2304_15_vb_kpnp_dlv622_eop	Latka2021_K23Klebsiella	Klebsiella pneumoniae	KPB2304-15	vB_KpnP_Dlv622	False	True	True	False	True	tier2_proxy_host_exact_phage
latka2021_kpb536_17_2_kps8_eop	Latka2021_K23Klebsiella	Klebsiella pneumoniae	KPB536-17-2	KpS8	False	True	True	False	True	tier2_proxy_host_exact_phage
latka2021_kpb536_17_2_vb_kpnm_seu621_eop	Latka2021_K23Klebsiella	Klebsiella pneumoniae	KPB536-17-2	vB_KpnM_Seu621	False	True	True	False	True	tier2_proxy_host_exact_phage
latka2021_kpb536_17_2_vb_kpnp_dlv622_eop	Latka2021_K23Klebsiella	Klebsiella pneumoniae	KPB536-17-2	vB_KpnP_Dlv622	False	True	True	False	True	tier2_proxy_host_exact_phage
latka2021_kpi1748_kps8_eop	Latka2021_K23Klebsiella	Klebsiella pneumoniae	KPi1748	KpS8	False	True	True	False	True	tier2_proxy_host_exact_phage
latka2021_kpi1748_vb_kpnm_seu621_eop	Latka2021_K23Klebsiella	Klebsiella pneumoniae	KPi1748	vB_KpnM_Seu621	False	True	True	False	True	tier2_proxy_host_exact_phage
latka2021_kpi1748_vb_kpnp_dlv622_eop	Latka2021_K23Klebsiella	Klebsiella pneumoniae	KPi1748	vB_KpnP_Dlv622	False	True	True	False	True	tier2_proxy_host_exact_phage
latka2021_kpi3014_kps8_eop	Latka2021_K23Klebsiella	Klebsiella pneumoniae	KPi3014	KpS8	False	True	True	False	True	tier2_proxy_host_exact_phage
latka2021_kpi3014_vb_kpnm_seu621_eop	Latka2021_K23Klebsiella	Klebsiella pneumoniae	KPi3014	vB_KpnM_Seu621	False	True	True	False	True	tier2_proxy_host_exact_phage
latka2021_kpi3014_vb_kpnp_dlv622_eop	Latka2021_K23Klebsiella	Klebsiella pneumoniae	KPi3014	vB_KpnP_Dlv622	False	True	True	False	True	tier2_proxy_host_exact_phage
latka2021_kpi8289_kps8_eop	Latka2021_K23Klebsiella	Klebsiella pneumoniae	KPi8289	KpS8	False	True	True	False	True	tier2_proxy_host_exact_phage
latka2021_kpi8289_vb_kpnm_seu621_eop	Latka2021_K23Klebsiella	Klebsiella pneumoniae	KPi8289	vB_KpnM_Seu621	False	True	True	False	True	tier2_proxy_host_exact_phage
latka2021_kpi8289_vb_kpnp_dlv622_eop	Latka2021_K23Klebsiella	Klebsiella pneumoniae	KPi8289	vB_KpnP_Dlv622	False	True	True	False	True	tier2_proxy_host_exact_phage
latka2021_kpb2580_kps8_eop	Latka2021_K23Klebsiella	Klebsiella pneumoniae	KPB2580	KpS8	False	True	True	False	True	tier2_proxy_host_exact_phage
latka2021_kpb2580_vb_kpnm_seu621_eop	Latka2021_K23Klebsiella	Klebsiella pneumoniae	KPB2580	vB_KpnM_Seu621	False	True	True	False	True	tier2_proxy_host_exact_phage
latka2021_kpb2580_vb_kpnp_dlv622_eop	Latka2021_K23Klebsiella	Klebsiella pneumoniae	KPB2580	vB_KpnP_Dlv622	False	True	True	False	True	tier2_proxy_host_exact_phage
singh2025_kpci1_kpkp_eop	Singh2025_KpCocktail	Klebsiella pneumoniae	KPCI1	KPKp	False	True	False	False	False	tier4_host_only_or_proxy
singh2025_kpci1_kskp_eop	Singh2025_KpCocktail	Klebsiella pneumoniae	KPCI1	KSKp	False	True	True	False	True	tier2_proxy_host_exact_phage
singh2025_kpci1_kpkp_kskp_cocktail_eop	Singh2025_KpCocktail	Klebsiella pneumoniae	KPCI1	KPKp_KSKp_cocktail	False	True	False	False	False	tier4_host_only_or_proxy
singh2025_kpci2_kpkp_eop	Singh2025_KpCocktail	Klebsiella pneumoniae	KPCI2	KPKp	False	True	False	False	False	tier4_host_only_or_proxy
singh2025_kpci2_kskp_eop	Singh2025_KpCocktail	Klebsiella pneumoniae	KPCI2	KSKp	False	True	True	False	True	tier2_proxy_host_exact_phage
singh2025_kpci2_kpkp_kskp_cocktail_eop	Singh2025_KpCocktail	Klebsiella pneumoniae	KPCI2	KPKp_KSKp_cocktail	False	True	False	False	False	tier4_host_only_or_proxy
singh2025_kpci3_kpkp_eop	Singh2025_KpCocktail	Klebsiella pneumoniae	KPCI3	KPKp	False	True	False	False	False	tier4_host_only_or_proxy
singh2025_kpci3_kskp_eop	Singh2025_KpCocktail	Klebsiella pneumoniae	KPCI3	KSKp	False	True	True	False	True	tier2_proxy_host_exact_phage
singh2025_kpci3_kpkp_kskp_cocktail_eop	Singh2025_KpCocktail	Klebsiella pneumoniae	KPCI3	KPKp_KSKp_cocktail	False	True	False	False	False	tier4_host_only_or_proxy
singh2025_kpci4_kpkp_eop	Singh2025_KpCocktail	Klebsiella pneumoniae	KPCI4	KPKp	False	True	False	False	False	tier4_host_only_or_proxy
singh2025_kpci4_kskp_eop	Singh2025_KpCocktail	Klebsiella pneumoniae	KPCI4	KSKp	False	True	True	False	True	tier2_proxy_host_exact_phage
singh2025_kpci4_kpkp_kskp_cocktail_eop	Singh2025_KpCocktail	Klebsiella pneumoniae	KPCI4	KPKp_KSKp_cocktail	False	True	False	False	False	tier4_host_only_or_proxy
abdelhadi2021_s_typhimurium_st_4_host_vb_sts_1_eop	Abdelhadi2021_STM2	Salmonella enterica	S_Typhimurium_ST_4_host	vB_STS_1	False	True	False	False	False	tier4_host_only_or_proxy
abdelhadi2021_s_typhimurium_st_4_host_vb_stm_2_eop	Abdelhadi2021_STM2	Salmonella enterica	S_Typhimurium_ST_4_host	vB_STM_2	False	True	False	False	False	tier4_host_only_or_proxy
abdelhadi2021_s_typhimurium_st_4_host_vb_sts_3_eop	Abdelhadi2021_STM2	Salmonella enterica	S_Typhimurium_ST_4_host	vB_STS_3	False	True	False	False	False	tier4_host_only_or_proxy
abdelhadi2021_s_typhimurium_st_7_vb_sts_1_eop	Abdelhadi2021_STM2	Salmonella enterica	S_Typhimurium_ST_7	vB_STS_1	False	True	False	False	False	tier4_host_only_or_proxy
abdelhadi2021_s_typhimurium_st_7_vb_stm_2_eop	Abdelhadi2021_STM2	Salmonella enterica	S_Typhimurium_ST_7	vB_STM_2	False	True	False	False	False	tier4_host_only_or_proxy
abdelhadi2021_s_typhimurium_st_7_vb_sts_3_eop	Abdelhadi2021_STM2	Salmonella enterica	S_Typhimurium_ST_7	vB_STS_3	False	True	False	False	False	tier4_host_only_or_proxy
abdelhadi2021_s_typhimurium_st_9_vb_sts_1_eop	Abdelhadi2021_STM2	Salmonella enterica	S_Typhimurium_ST_9	vB_STS_1	False	True	False	False	False	tier4_host_only_or_proxy
abdelhadi2021_s_typhimurium_st_9_vb_stm_2_eop	Abdelhadi2021_STM2	Salmonella enterica	S_Typhimurium_ST_9	vB_STM_2	False	True	False	False	False	tier4_host_only_or_proxy
abdelhadi2021_s_typhimurium_st_9_vb_sts_3_eop	Abdelhadi2021_STM2	Salmonella enterica	S_Typhimurium_ST_9	vB_STS_3	False	True	False	False	False	tier4_host_only_or_proxy
abdelhadi2021_s_typhimurium_st_14_vb_sts_1_eop	Abdelhadi2021_STM2	Salmonella enterica	S_Typhimurium_ST_14	vB_STS_1	False	True	False	False	False	tier4_host_only_or_proxy
abdelhadi2021_s_typhimurium_st_14_vb_stm_2_eop	Abdelhadi2021_STM2	Salmonella enterica	S_Typhimurium_ST_14	vB_STM_2	False	True	False	False	False	tier4_host_only_or_proxy
abdelhadi2021_s_typhimurium_st_14_vb_sts_3_eop	Abdelhadi2021_STM2	Salmonella enterica	S_Typhimurium_ST_14	vB_STS_3	False	True	False	False	False	tier4_host_only_or_proxy
abdelhadi2021_s_typhimurium_st_16_vb_sts_1_eop	Abdelhadi2021_STM2	Salmonella enterica	S_Typhimurium_ST_16	vB_STS_1	False	True	False	False	False	tier4_host_only_or_proxy
abdelhadi2021_s_typhimurium_st_16_vb_stm_2_eop	Abdelhadi2021_STM2	Salmonella enterica	S_Typhimurium_ST_16	vB_STM_2	False	True	False	False	False	tier4_host_only_or_proxy
abdelhadi2021_s_typhimurium_st_16_vb_sts_3_eop	Abdelhadi2021_STM2	Salmonella enterica	S_Typhimurium_ST_16	vB_STS_3	False	True	False	False	False	tier4_host_only_or_proxy
abdelhadi2021_s_typhimurium_st_19_vb_sts_1_eop	Abdelhadi2021_STM2	Salmonella enterica	S_Typhimurium_ST_19	vB_STS_1	False	True	False	False	False	tier4_host_only_or_proxy
abdelhadi2021_s_typhimurium_st_19_vb_stm_2_eop	Abdelhadi2021_STM2	Salmonella enterica	S_Typhimurium_ST_19	vB_STM_2	False	True	False	False	False	tier4_host_only_or_proxy
abdelhadi2021_s_typhimurium_st_19_vb_sts_3_eop	Abdelhadi2021_STM2	Salmonella enterica	S_Typhimurium_ST_19	vB_STS_3	False	True	False	False	False	tier4_host_only_or_proxy
abdelhadi2021_s_typhimurium_st_21_vb_sts_1_eop	Abdelhadi2021_STM2	Salmonella enterica	S_Typhimurium_ST_21	vB_STS_1	False	True	False	False	False	tier4_host_only_or_proxy
abdelhadi2021_s_typhimurium_st_21_vb_stm_2_eop	Abdelhadi2021_STM2	Salmonella enterica	S_Typhimurium_ST_21	vB_STM_2	False	True	False	False	False	tier4_host_only_or_proxy
abdelhadi2021_s_typhimurium_st_21_vb_sts_3_eop	Abdelhadi2021_STM2	Salmonella enterica	S_Typhimurium_ST_21	vB_STS_3	False	True	False	False	False	tier4_host_only_or_proxy
abdelhadi2021_s_typhimurium_st_22_vb_sts_1_eop	Abdelhadi2021_STM2	Salmonella enterica	S_Typhimurium_ST_22	vB_STS_1	False	True	False	False	False	tier4_host_only_or_proxy
abdelhadi2021_s_typhimurium_st_22_vb_stm_2_eop	Abdelhadi2021_STM2	Salmonella enterica	S_Typhimurium_ST_22	vB_STM_2	False	True	False	False	False	tier4_host_only_or_proxy
abdelhadi2021_s_typhimurium_st_22_vb_sts_3_eop	Abdelhadi2021_STM2	Salmonella enterica	S_Typhimurium_ST_22	vB_STS_3	False	True	False	False	False	tier4_host_only_or_proxy
abdelhadi2021_s_typhimurium_st_27_vb_sts_1_eop	Abdelhadi2021_STM2	Salmonella enterica	S_Typhimurium_ST_27	vB_STS_1	False	True	False	False	False	tier4_host_only_or_proxy
abdelhadi2021_s_typhimurium_st_27_vb_stm_2_eop	Abdelhadi2021_STM2	Salmonella enterica	S_Typhimurium_ST_27	vB_STM_2	False	True	False	False	False	tier4_host_only_or_proxy
abdelhadi2021_s_typhimurium_st_27_vb_sts_3_eop	Abdelhadi2021_STM2	Salmonella enterica	S_Typhimurium_ST_27	vB_STS_3	False	True	False	False	False	tier4_host_only_or_proxy
abdelhadi2021_s_typhimurium_st_30_vb_sts_1_eop	Abdelhadi2021_STM2	Salmonella enterica	S_Typhimurium_ST_30	vB_STS_1	False	True	False	False	False	tier4_host_only_or_proxy
abdelhadi2021_s_typhimurium_st_30_vb_stm_2_eop	Abdelhadi2021_STM2	Salmonella enterica	S_Typhimurium_ST_30	vB_STM_2	False	True	False	False	False	tier4_host_only_or_proxy
abdelhadi2021_s_typhimurium_st_30_vb_sts_3_eop	Abdelhadi2021_STM2	Salmonella enterica	S_Typhimurium_ST_30	vB_STS_3	False	True	False	False	False	tier4_host_only_or_proxy
abdelhadi2021_s_typhimurium_st_33_vb_sts_1_eop	Abdelhadi2021_STM2	Salmonella enterica	S_Typhimurium_ST_33	vB_STS_1	False	True	False	False	False	tier4_host_only_or_proxy
abdelhadi2021_s_typhimurium_st_33_vb_stm_2_eop	Abdelhadi2021_STM2	Salmonella enterica	S_Typhimurium_ST_33	vB_STM_2	False	True	False	False	False	tier4_host_only_or_proxy
abdelhadi2021_s_typhimurium_st_33_vb_sts_3_eop	Abdelhadi2021_STM2	Salmonella enterica	S_Typhimurium_ST_33	vB_STS_3	False	True	False	False	False	tier4_host_only_or_proxy
abdelhadi2021_s_typhimurium_st_35_vb_sts_1_eop	Abdelhadi2021_STM2	Salmonella enterica	S_Typhimurium_ST_35	vB_STS_1	False	True	False	False	False	tier4_host_only_or_proxy
abdelhadi2021_s_typhimurium_st_35_vb_stm_2_eop	Abdelhadi2021_STM2	Salmonella enterica	S_Typhimurium_ST_35	vB_STM_2	False	True	False	False	False	tier4_host_only_or_proxy
abdelhadi2021_s_typhimurium_st_35_vb_sts_3_eop	Abdelhadi2021_STM2	Salmonella enterica	S_Typhimurium_ST_35	vB_STS_3	False	True	False	False	False	tier4_host_only_or_proxy
abdelhadi2021_s_typhimurium_st_36_vb_sts_1_eop	Abdelhadi2021_STM2	Salmonella enterica	S_Typhimurium_ST_36	vB_STS_1	False	True	False	False	False	tier4_host_only_or_proxy
abdelhadi2021_s_typhimurium_st_36_vb_stm_2_eop	Abdelhadi2021_STM2	Salmonella enterica	S_Typhimurium_ST_36	vB_STM_2	False	True	False	False	False	tier4_host_only_or_proxy
abdelhadi2021_s_typhimurium_st_36_vb_sts_3_eop	Abdelhadi2021_STM2	Salmonella enterica	S_Typhimurium_ST_36	vB_STS_3	False	True	False	False	False	tier4_host_only_or_proxy
abdelhadi2021_s_typhimurium_st_37_vb_sts_1_eop	Abdelhadi2021_STM2	Salmonella enterica	S_Typhimurium_ST_37	vB_STS_1	False	True	False	False	False	tier4_host_only_or_proxy
abdelhadi2021_s_typhimurium_st_37_vb_stm_2_eop	Abdelhadi2021_STM2	Salmonella enterica	S_Typhimurium_ST_37	vB_STM_2	False	True	False	False	False	tier4_host_only_or_proxy
abdelhadi2021_s_typhimurium_st_37_vb_sts_3_eop	Abdelhadi2021_STM2	Salmonella enterica	S_Typhimurium_ST_37	vB_STS_3	False	True	False	False	False	tier4_host_only_or_proxy
abdelhadi2021_s_typhimurium_st_38_vb_sts_1_eop	Abdelhadi2021_STM2	Salmonella enterica	S_Typhimurium_ST_38	vB_STS_1	False	True	False	False	False	tier4_host_only_or_proxy
abdelhadi2021_s_typhimurium_st_38_vb_stm_2_eop	Abdelhadi2021_STM2	Salmonella enterica	S_Typhimurium_ST_38	vB_STM_2	False	True	False	False	False	tier4_host_only_or_proxy
abdelhadi2021_s_typhimurium_st_38_vb_sts_3_eop	Abdelhadi2021_STM2	Salmonella enterica	S_Typhimurium_ST_38	vB_STS_3	False	True	False	False	False	tier4_host_only_or_proxy
abdelhadi2021_s_typhimurium_st_41_vb_sts_1_eop	Abdelhadi2021_STM2	Salmonella enterica	S_Typhimurium_ST_41	vB_STS_1	False	True	False	False	False	tier4_host_only_or_proxy
abdelhadi2021_s_typhimurium_st_41_vb_stm_2_eop	Abdelhadi2021_STM2	Salmonella enterica	S_Typhimurium_ST_41	vB_STM_2	False	True	False	False	False	tier4_host_only_or_proxy
abdelhadi2021_s_typhimurium_st_41_vb_sts_3_eop	Abdelhadi2021_STM2	Salmonella enterica	S_Typhimurium_ST_41	vB_STS_3	False	True	False	False	False	tier4_host_only_or_proxy
abdelhadi2021_s_typhimurium_st_43_vb_sts_1_eop	Abdelhadi2021_STM2	Salmonella enterica	S_Typhimurium_ST_43	vB_STS_1	False	True	False	False	False	tier4_host_only_or_proxy
abdelhadi2021_s_typhimurium_st_43_vb_stm_2_eop	Abdelhadi2021_STM2	Salmonella enterica	S_Typhimurium_ST_43	vB_STM_2	False	True	False	False	False	tier4_host_only_or_proxy
abdelhadi2021_s_typhimurium_st_43_vb_sts_3_eop	Abdelhadi2021_STM2	Salmonella enterica	S_Typhimurium_ST_43	vB_STS_3	False	True	False	False	False	tier4_host_only_or_proxy
abdelhadi2021_s_typhimurium_st_45_vb_sts_1_eop	Abdelhadi2021_STM2	Salmonella enterica	S_Typhimurium_ST_45	vB_STS_1	False	True	False	False	False	tier4_host_only_or_proxy
abdelhadi2021_s_typhimurium_st_45_vb_stm_2_eop	Abdelhadi2021_STM2	Salmonella enterica	S_Typhimurium_ST_45	vB_STM_2	False	True	False	False	False	tier4_host_only_or_proxy
abdelhadi2021_s_typhimurium_st_45_vb_sts_3_eop	Abdelhadi2021_STM2	Salmonella enterica	S_Typhimurium_ST_45	vB_STS_3	False	True	False	False	False	tier4_host_only_or_proxy
abdelhadi2021_s_typhimurium_st_47_vb_sts_1_eop	Abdelhadi2021_STM2	Salmonella enterica	S_Typhimurium_ST_47	vB_STS_1	False	True	False	False	False	tier4_host_only_or_proxy
abdelhadi2021_s_typhimurium_st_47_vb_stm_2_eop	Abdelhadi2021_STM2	Salmonella enterica	S_Typhimurium_ST_47	vB_STM_2	False	True	False	False	False	tier4_host_only_or_proxy
abdelhadi2021_s_typhimurium_st_47_vb_sts_3_eop	Abdelhadi2021_STM2	Salmonella enterica	S_Typhimurium_ST_47	vB_STS_3	False	True	False	False	False	tier4_host_only_or_proxy
abdelhadi2021_s_typhimurium_st_49_vb_sts_1_eop	Abdelhadi2021_STM2	Salmonella enterica	S_Typhimurium_ST_49	vB_STS_1	False	True	False	False	False	tier4_host_only_or_proxy
abdelhadi2021_s_typhimurium_st_49_vb_stm_2_eop	Abdelhadi2021_STM2	Salmonella enterica	S_Typhimurium_ST_49	vB_STM_2	False	True	False	False	False	tier4_host_only_or_proxy
abdelhadi2021_s_typhimurium_st_49_vb_sts_3_eop	Abdelhadi2021_STM2	Salmonella enterica	S_Typhimurium_ST_49	vB_STS_3	False	True	False	False	False	tier4_host_only_or_proxy
abdelhadi2021_s_typhimurium_st_53_vb_sts_1_eop	Abdelhadi2021_STM2	Salmonella enterica	S_Typhimurium_ST_53	vB_STS_1	False	True	False	False	False	tier4_host_only_or_proxy
abdelhadi2021_s_typhimurium_st_53_vb_stm_2_eop	Abdelhadi2021_STM2	Salmonella enterica	S_Typhimurium_ST_53	vB_STM_2	False	True	False	False	False	tier4_host_only_or_proxy
abdelhadi2021_s_typhimurium_st_53_vb_sts_3_eop	Abdelhadi2021_STM2	Salmonella enterica	S_Typhimurium_ST_53	vB_STS_3	False	True	False	False	False	tier4_host_only_or_proxy
abdelhadi2021_s_typhimurium_st_55_vb_sts_1_eop	Abdelhadi2021_STM2	Salmonella enterica	S_Typhimurium_ST_55	vB_STS_1	False	True	False	False	False	tier4_host_only_or_proxy
abdelhadi2021_s_typhimurium_st_55_vb_stm_2_eop	Abdelhadi2021_STM2	Salmonella enterica	S_Typhimurium_ST_55	vB_STM_2	False	True	False	False	False	tier4_host_only_or_proxy
abdelhadi2021_s_typhimurium_st_55_vb_sts_3_eop	Abdelhadi2021_STM2	Salmonella enterica	S_Typhimurium_ST_55	vB_STS_3	False	True	False	False	False	tier4_host_only_or_proxy
abdelhadi2021_s_typhimurium_st_56_vb_sts_1_eop	Abdelhadi2021_STM2	Salmonella enterica	S_Typhimurium_ST_56	vB_STS_1	False	True	False	False	False	tier4_host_only_or_proxy
abdelhadi2021_s_typhimurium_st_56_vb_stm_2_eop	Abdelhadi2021_STM2	Salmonella enterica	S_Typhimurium_ST_56	vB_STM_2	False	True	False	False	False	tier4_host_only_or_proxy
abdelhadi2021_s_typhimurium_st_56_vb_sts_3_eop	Abdelhadi2021_STM2	Salmonella enterica	S_Typhimurium_ST_56	vB_STS_3	False	True	False	False	False	tier4_host_only_or_proxy
abdelhadi2021_psaci_1_vb_sts_1_eop	Abdelhadi2021_STM2	Pseudomonas aeruginosa	PsaCI_1	vB_STS_1	False	True	False	False	False	tier4_host_only_or_proxy
abdelhadi2021_psaci_1_vb_stm_2_eop	Abdelhadi2021_STM2	Pseudomonas aeruginosa	PsaCI_1	vB_STM_2	False	True	False	False	False	tier4_host_only_or_proxy
abdelhadi2021_psaci_1_vb_sts_3_eop	Abdelhadi2021_STM2	Pseudomonas aeruginosa	PsaCI_1	vB_STS_3	False	True	False	False	False	tier4_host_only_or_proxy
abdelhadi2021_psaci_2_vb_sts_1_eop	Abdelhadi2021_STM2	Pseudomonas aeruginosa	PsaCI_2	vB_STS_1	False	True	False	False	False	tier4_host_only_or_proxy
abdelhadi2021_psaci_2_vb_stm_2_eop	Abdelhadi2021_STM2	Pseudomonas aeruginosa	PsaCI_2	vB_STM_2	False	True	False	False	False	tier4_host_only_or_proxy
abdelhadi2021_psaci_2_vb_sts_3_eop	Abdelhadi2021_STM2	Pseudomonas aeruginosa	PsaCI_2	vB_STS_3	False	True	False	False	False	tier4_host_only_or_proxy
abdelhadi2021_psafi_1_vb_sts_1_eop	Abdelhadi2021_STM2	Pseudomonas aeruginosa	PsaFI_1	vB_STS_1	False	True	False	False	False	tier4_host_only_or_proxy
abdelhadi2021_psafi_1_vb_stm_2_eop	Abdelhadi2021_STM2	Pseudomonas aeruginosa	PsaFI_1	vB_STM_2	False	True	False	False	False	tier4_host_only_or_proxy
abdelhadi2021_psafi_1_vb_sts_3_eop	Abdelhadi2021_STM2	Pseudomonas aeruginosa	PsaFI_1	vB_STS_3	False	True	False	False	False	tier4_host_only_or_proxy
abdelhadi2021_psafi_2_vb_sts_1_eop	Abdelhadi2021_STM2	Pseudomonas aeruginosa	PsaFI_2	vB_STS_1	False	True	False	False	False	tier4_host_only_or_proxy
abdelhadi2021_psafi_2_vb_stm_2_eop	Abdelhadi2021_STM2	Pseudomonas aeruginosa	PsaFI_2	vB_STM_2	False	True	False	False	False	tier4_host_only_or_proxy
abdelhadi2021_psafi_2_vb_sts_3_eop	Abdelhadi2021_STM2	Pseudomonas aeruginosa	PsaFI_2	vB_STS_3	False	True	False	False	False	tier4_host_only_or_proxy
abdelhadi2021_psafi_1_table_cont_vb_sts_1_eop	Abdelhadi2021_STM2	Pseudomonas aeruginosa	PsaFI_1_table_cont	vB_STS_1	False	True	False	False	False	tier4_host_only_or_proxy
abdelhadi2021_psafi_1_table_cont_vb_stm_2_eop	Abdelhadi2021_STM2	Pseudomonas aeruginosa	PsaFI_1_table_cont	vB_STM_2	False	True	False	False	False	tier4_host_only_or_proxy
abdelhadi2021_psafi_1_table_cont_vb_sts_3_eop	Abdelhadi2021_STM2	Pseudomonas aeruginosa	PsaFI_1_table_cont	vB_STS_3	False	True	False	False	False	tier4_host_only_or_proxy
abdelhadi2021_safi_1_vb_sts_1_eop	Abdelhadi2021_STM2	Staphylococcus aureus	SaFI_1	vB_STS_1	False	True	False	False	False	tier4_host_only_or_proxy
abdelhadi2021_safi_1_vb_stm_2_eop	Abdelhadi2021_STM2	Staphylococcus aureus	SaFI_1	vB_STM_2	False	True	False	False	False	tier4_host_only_or_proxy
abdelhadi2021_safi_1_vb_sts_3_eop	Abdelhadi2021_STM2	Staphylococcus aureus	SaFI_1	vB_STS_3	False	True	False	False	False	tier4_host_only_or_proxy
abdelhadi2021_safi_2_vb_sts_1_eop	Abdelhadi2021_STM2	Staphylococcus aureus	SaFI_2	vB_STS_1	False	True	False	False	False	tier4_host_only_or_proxy
abdelhadi2021_safi_2_vb_stm_2_eop	Abdelhadi2021_STM2	Staphylococcus aureus	SaFI_2	vB_STM_2	False	True	False	False	False	tier4_host_only_or_proxy
abdelhadi2021_safi_2_vb_sts_3_eop	Abdelhadi2021_STM2	Staphylococcus aureus	SaFI_2	vB_STS_3	False	True	False	False	False	tier4_host_only_or_proxy
abdelhadi2021_safi_3_vb_sts_1_eop	Abdelhadi2021_STM2	Staphylococcus aureus	SaFI_3	vB_STS_1	False	True	False	False	False	tier4_host_only_or_proxy
abdelhadi2021_safi_3_vb_stm_2_eop	Abdelhadi2021_STM2	Staphylococcus aureus	SaFI_3	vB_STM_2	False	True	False	False	False	tier4_host_only_or_proxy
abdelhadi2021_safi_3_vb_sts_3_eop	Abdelhadi2021_STM2	Staphylococcus aureus	SaFI_3	vB_STS_3	False	True	False	False	False	tier4_host_only_or_proxy
abdelhadi2021_ecci_1_vb_sts_1_eop	Abdelhadi2021_STM2	Escherichia coli	EcCI_1	vB_STS_1	False	True	False	False	False	tier4_host_only_or_proxy
abdelhadi2021_ecci_1_vb_stm_2_eop	Abdelhadi2021_STM2	Escherichia coli	EcCI_1	vB_STM_2	False	True	False	False	False	tier4_host_only_or_proxy
abdelhadi2021_ecci_1_vb_sts_3_eop	Abdelhadi2021_STM2	Escherichia coli	EcCI_1	vB_STS_3	False	True	False	False	False	tier4_host_only_or_proxy
abdelhadi2021_ecci_2_vb_sts_1_eop	Abdelhadi2021_STM2	Escherichia coli	EcCI_2	vB_STS_1	False	True	False	False	False	tier4_host_only_or_proxy
abdelhadi2021_ecci_2_vb_stm_2_eop	Abdelhadi2021_STM2	Escherichia coli	EcCI_2	vB_STM_2	False	True	False	False	False	tier4_host_only_or_proxy
abdelhadi2021_ecci_2_vb_sts_3_eop	Abdelhadi2021_STM2	Escherichia coli	EcCI_2	vB_STS_3	False	True	False	False	False	tier4_host_only_or_proxy
abdelhadi2021_ecci_3_vb_sts_1_eop	Abdelhadi2021_STM2	Escherichia coli	EcCI_3	vB_STS_1	False	True	False	False	False	tier4_host_only_or_proxy
abdelhadi2021_ecci_3_vb_stm_2_eop	Abdelhadi2021_STM2	Escherichia coli	EcCI_3	vB_STM_2	False	True	False	False	False	tier4_host_only_or_proxy
abdelhadi2021_ecci_3_vb_sts_3_eop	Abdelhadi2021_STM2	Escherichia coli	EcCI_3	vB_STS_3	False	True	False	False	False	tier4_host_only_or_proxy
abdelhadi2021_ecci_4_vb_sts_1_eop	Abdelhadi2021_STM2	Escherichia coli	EcCI_4	vB_STS_1	False	True	False	False	False	tier4_host_only_or_proxy
abdelhadi2021_ecci_4_vb_stm_2_eop	Abdelhadi2021_STM2	Escherichia coli	EcCI_4	vB_STM_2	False	True	False	False	False	tier4_host_only_or_proxy
abdelhadi2021_ecci_4_vb_sts_3_eop	Abdelhadi2021_STM2	Escherichia coli	EcCI_4	vB_STS_3	False	True	False	False	False	tier4_host_only_or_proxy
abdelhadi2021_kpci_1_vb_sts_1_eop	Abdelhadi2021_STM2	Klebsiella pneumoniae	KpCI_1	vB_STS_1	False	True	False	False	False	tier4_host_only_or_proxy
abdelhadi2021_kpci_1_vb_stm_2_eop	Abdelhadi2021_STM2	Klebsiella pneumoniae	KpCI_1	vB_STM_2	False	True	False	False	False	tier4_host_only_or_proxy
abdelhadi2021_kpci_1_vb_sts_3_eop	Abdelhadi2021_STM2	Klebsiella pneumoniae	KpCI_1	vB_STS_3	False	True	False	False	False	tier4_host_only_or_proxy
wintachai2022_abpw0181_vabwu2101_eop	Wintachai2022_vABWU2101	Acinetobacter baumannii	ABPW0181	vABWU2101	False	True	True	False	True	tier2_proxy_host_exact_phage
wintachai2022_abpw0182_vabwu2101_eop	Wintachai2022_vABWU2101	Acinetobacter baumannii	ABPW0182	vABWU2101	False	True	True	False	True	tier2_proxy_host_exact_phage
wintachai2022_abpw0183_vabwu2101_eop	Wintachai2022_vABWU2101	Acinetobacter baumannii	ABPW0183	vABWU2101	False	True	True	False	True	tier2_proxy_host_exact_phage
wintachai2022_abpw0184_vabwu2101_eop	Wintachai2022_vABWU2101	Acinetobacter baumannii	ABPW0184	vABWU2101	False	True	True	False	True	tier2_proxy_host_exact_phage
wintachai2022_abpw0185_host_vabwu2101_eop	Wintachai2022_vABWU2101	Acinetobacter baumannii	ABPW0185_host	vABWU2101	False	True	True	False	True	tier2_proxy_host_exact_phage
wintachai2022_abpw0186_vabwu2101_eop	Wintachai2022_vABWU2101	Acinetobacter baumannii	ABPW0186	vABWU2101	False	True	True	False	True	tier2_proxy_host_exact_phage
wintachai2022_abpw0187_vabwu2101_eop	Wintachai2022_vABWU2101	Acinetobacter baumannii	ABPW0187	vABWU2101	False	True	True	False	True	tier2_proxy_host_exact_phage
wintachai2022_abpw0188_vabwu2101_eop	Wintachai2022_vABWU2101	Acinetobacter baumannii	ABPW0188	vABWU2101	False	True	True	False	True	tier2_proxy_host_exact_phage
wintachai2022_abpw0189_vabwu2101_eop	Wintachai2022_vABWU2101	Acinetobacter baumannii	ABPW0189	vABWU2101	False	True	True	False	True	tier2_proxy_host_exact_phage
wintachai2022_abpw0190_vabwu2101_eop	Wintachai2022_vABWU2101	Acinetobacter baumannii	ABPW0190	vABWU2101	False	True	True	False	True	tier2_proxy_host_exact_phage
wintachai2022_abpw0191_vabwu2101_eop	Wintachai2022_vABWU2101	Acinetobacter baumannii	ABPW0191	vABWU2101	False	True	True	False	True	tier2_proxy_host_exact_phage
wintachai2022_abpw0192_vabwu2101_eop	Wintachai2022_vABWU2101	Acinetobacter baumannii	ABPW0192	vABWU2101	False	True	True	False	True	tier2_proxy_host_exact_phage
wintachai2022_abpw0193_vabwu2101_eop	Wintachai2022_vABWU2101	Acinetobacter baumannii	ABPW0193	vABWU2101	False	True	True	False	True	tier2_proxy_host_exact_phage
wintachai2022_abpw0194_vabwu2101_eop	Wintachai2022_vABWU2101	Acinetobacter baumannii	ABPW0194	vABWU2101	False	True	True	False	True	tier2_proxy_host_exact_phage
wintachai2022_abpw0195_vabwu2101_eop	Wintachai2022_vABWU2101	Acinetobacter baumannii	ABPW0195	vABWU2101	False	True	True	False	True	tier2_proxy_host_exact_phage
wintachai2022_abpw0196_vabwu2101_eop	Wintachai2022_vABWU2101	Acinetobacter baumannii	ABPW0196	vABWU2101	False	True	True	False	True	tier2_proxy_host_exact_phage
wintachai2022_abpw0197_vabwu2101_eop	Wintachai2022_vABWU2101	Acinetobacter baumannii	ABPW0197	vABWU2101	False	True	True	False	True	tier2_proxy_host_exact_phage
wintachai2022_abpw0198_vabwu2101_eop	Wintachai2022_vABWU2101	Acinetobacter baumannii	ABPW0198	vABWU2101	False	True	True	False	True	tier2_proxy_host_exact_phage
wintachai2022_abpw0199_vabwu2101_eop	Wintachai2022_vABWU2101	Acinetobacter baumannii	ABPW0199	vABWU2101	False	True	True	False	True	tier2_proxy_host_exact_phage
wintachai2022_abpw0200_vabwu2101_eop	Wintachai2022_vABWU2101	Acinetobacter baumannii	ABPW0200	vABWU2101	False	True	True	False	True	tier2_proxy_host_exact_phage
wintachai2022_k_pneumoniae_control_vabwu2101_eop	Wintachai2022_vABWU2101	Klebsiella pneumoniae	K_pneumoniae_control	vABWU2101	False	True	True	False	True	tier2_proxy_host_exact_phage
wintachai2022_mrsa_control_vabwu2101_eop	Wintachai2022_vABWU2101	Staphylococcus aureus	MRSA_control	vABWU2101	False	True	True	False	True	tier2_proxy_host_exact_phage
wintachai2024_pw001_vecpw8_eop	Wintachai2024_vECPW8	Escherichia coli	MDR_APEC_PW001	vECPW8	False	True	True	False	True	tier2_proxy_host_exact_phage
wintachai2024_pw002_vecpw8_eop	Wintachai2024_vECPW8	Escherichia coli	MDR_APEC_PW002	vECPW8	False	True	True	False	True	tier2_proxy_host_exact_phage
wintachai2024_pw003_vecpw8_eop	Wintachai2024_vECPW8	Escherichia coli	MDR_APEC_PW003	vECPW8	False	True	True	False	True	tier2_proxy_host_exact_phage
wintachai2024_pw004_vecpw8_eop	Wintachai2024_vECPW8	Escherichia coli	MDR_APEC_PW004	vECPW8	False	True	True	False	True	tier2_proxy_host_exact_phage
wintachai2024_pw005_host_vecpw8_eop	Wintachai2024_vECPW8	Escherichia coli	MDR_APEC_PW005_host	vECPW8	False	True	True	False	True	tier2_proxy_host_exact_phage
wintachai2024_pw006_vecpw8_eop	Wintachai2024_vECPW8	Escherichia coli	MDR_APEC_PW006	vECPW8	False	True	True	False	True	tier2_proxy_host_exact_phage
wintachai2024_pw007_vecpw8_eop	Wintachai2024_vECPW8	Escherichia coli	MDR_APEC_PW007	vECPW8	False	True	True	False	True	tier2_proxy_host_exact_phage
wintachai2024_pw008_vecpw8_eop	Wintachai2024_vECPW8	Escherichia coli	MDR_APEC_PW008	vECPW8	False	True	True	False	True	tier2_proxy_host_exact_phage
wintachai2024_pw009_vecpw8_eop	Wintachai2024_vECPW8	Escherichia coli	MDR_APEC_PW009	vECPW8	False	True	True	False	True	tier2_proxy_host_exact_phage
wintachai2024_pw010_vecpw8_eop	Wintachai2024_vECPW8	Escherichia coli	MDR_APEC_PW010	vECPW8	False	True	True	False	True	tier2_proxy_host_exact_phage
wintachai2024_pw011_vecpw8_eop	Wintachai2024_vECPW8	Escherichia coli	MDR_APEC_PW011	vECPW8	False	True	True	False	True	tier2_proxy_host_exact_phage
wintachai2024_pw012_vecpw8_eop	Wintachai2024_vECPW8	Escherichia coli	MDR_APEC_PW012	vECPW8	False	True	True	False	True	tier2_proxy_host_exact_phage
wintachai2024_pw013_vecpw8_eop	Wintachai2024_vECPW8	Escherichia coli	MDR_APEC_PW013	vECPW8	False	True	True	False	True	tier2_proxy_host_exact_phage
wintachai2024_pw014_vecpw8_eop	Wintachai2024_vECPW8	Escherichia coli	MDR_APEC_PW014	vECPW8	False	True	True	False	True	tier2_proxy_host_exact_phage
wintachai2024_pw015_vecpw8_eop	Wintachai2024_vECPW8	Escherichia coli	MDR_APEC_PW015	vECPW8	False	True	True	False	True	tier2_proxy_host_exact_phage
wintachai2024_pw016_vecpw8_eop	Wintachai2024_vECPW8	Escherichia coli	MDR_APEC_PW016	vECPW8	False	True	True	False	True	tier2_proxy_host_exact_phage
wintachai2024_pw017_vecpw8_eop	Wintachai2024_vECPW8	Escherichia coli	MDR_APEC_PW017	vECPW8	False	True	True	False	True	tier2_proxy_host_exact_phage
wintachai2024_pw018_vecpw8_eop	Wintachai2024_vECPW8	Escherichia coli	MDR_APEC_PW018	vECPW8	False	True	True	False	True	tier2_proxy_host_exact_phage
wintachai2024_pw019_vecpw8_eop	Wintachai2024_vECPW8	Escherichia coli	MDR_APEC_PW019	vECPW8	False	True	True	False	True	tier2_proxy_host_exact_phage
wintachai2024_pw020_vecpw8_eop	Wintachai2024_vECPW8	Escherichia coli	MDR_APEC_PW020	vECPW8	False	True	True	False	True	tier2_proxy_host_exact_phage
kim2022_k16_kpn_13_022_kp1_eop	Kim2022_KP1_KP12	Klebsiella pneumoniae	K16-KPN-13-022	KP1	False	True	False	False	False	tier4_host_only_or_proxy
kim2022_k16_kpn_13_022_kp12_eop	Kim2022_KP1_KP12	Klebsiella pneumoniae	K16-KPN-13-022	KP12	False	True	False	False	False	tier4_host_only_or_proxy
kim2022_k01_kpn_13_134_kp1_eop	Kim2022_KP1_KP12	Klebsiella pneumoniae	K01-KPN-13-134	KP1	False	True	False	False	False	tier4_host_only_or_proxy
kim2022_k01_kpn_13_134_kp12_eop	Kim2022_KP1_KP12	Klebsiella pneumoniae	K01-KPN-13-134	KP12	False	True	False	False	False	tier4_host_only_or_proxy
kim2022_k01_kpn_13_149_kp1_eop	Kim2022_KP1_KP12	Klebsiella pneumoniae	K01-KPN-13-149	KP1	False	True	False	False	False	tier4_host_only_or_proxy
kim2022_k01_kpn_13_149_kp12_eop	Kim2022_KP1_KP12	Klebsiella pneumoniae	K01-KPN-13-149	KP12	False	True	False	False	False	tier4_host_only_or_proxy
kim2022_k07_kpn_13_002_kp1_eop	Kim2022_KP1_KP12	Klebsiella pneumoniae	K07-KPN-13-002	KP1	False	True	False	False	False	tier4_host_only_or_proxy
kim2022_k07_kpn_13_002_kp12_eop	Kim2022_KP1_KP12	Klebsiella pneumoniae	K07-KPN-13-002	KP12	False	True	False	False	False	tier4_host_only_or_proxy
kim2022_k14_kpn_13_016_kp1_eop	Kim2022_KP1_KP12	Klebsiella pneumoniae	K14-KPN-13-016	KP1	False	True	False	False	False	tier4_host_only_or_proxy
kim2022_k14_kpn_13_016_kp12_eop	Kim2022_KP1_KP12	Klebsiella pneumoniae	K14-KPN-13-016	KP12	False	True	False	False	False	tier4_host_only_or_proxy
kim2022_k16_kpn_13_008_kp1_eop	Kim2022_KP1_KP12	Klebsiella pneumoniae	K16-KPN-13-008	KP1	False	True	False	False	False	tier4_host_only_or_proxy
kim2022_k16_kpn_13_008_kp12_eop	Kim2022_KP1_KP12	Klebsiella pneumoniae	K16-KPN-13-008	KP12	False	True	False	False	False	tier4_host_only_or_proxy
kim2022_k20_kpn_12_057_kp1_eop	Kim2022_KP1_KP12	Klebsiella pneumoniae	K20-KPN-12-057	KP1	False	True	False	False	False	tier4_host_only_or_proxy
kim2022_k20_kpn_12_057_kp12_eop	Kim2022_KP1_KP12	Klebsiella pneumoniae	K20-KPN-12-057	KP12	False	True	False	False	False	tier4_host_only_or_proxy
kim2022_k20_kpn_12_067_kp1_eop	Kim2022_KP1_KP12	Klebsiella pneumoniae	K20-KPN-12-067	KP1	False	True	False	False	False	tier4_host_only_or_proxy
kim2022_k20_kpn_12_067_kp12_eop	Kim2022_KP1_KP12	Klebsiella pneumoniae	K20-KPN-12-067	KP12	False	True	False	False	False	tier4_host_only_or_proxy
kim2022_k21_kpn_12_013_kp1_eop	Kim2022_KP1_KP12	Klebsiella pneumoniae	K21-KPN-12-013	KP1	False	True	False	False	False	tier4_host_only_or_proxy
kim2022_k21_kpn_12_013_kp12_eop	Kim2022_KP1_KP12	Klebsiella pneumoniae	K21-KPN-12-013	KP12	False	True	False	False	False	tier4_host_only_or_proxy
kim2022_k22_kpn_13_007_kp1_eop	Kim2022_KP1_KP12	Klebsiella pneumoniae	K22-KPN-13-007	KP1	False	True	False	False	False	tier4_host_only_or_proxy
kim2022_k22_kpn_13_007_kp12_eop	Kim2022_KP1_KP12	Klebsiella pneumoniae	K22-KPN-13-007	KP12	False	True	False	False	False	tier4_host_only_or_proxy
kim2022_k22_kpn_13_013_kp1_eop	Kim2022_KP1_KP12	Klebsiella pneumoniae	K22-KPN-13-013	KP1	False	True	False	False	False	tier4_host_only_or_proxy
kim2022_k22_kpn_13_013_kp12_eop	Kim2022_KP1_KP12	Klebsiella pneumoniae	K22-KPN-13-013	KP12	False	True	False	False	False	tier4_host_only_or_proxy
kim2022_atcc17978_kp1_eop	Kim2022_KP1_KP12	Acinetobacter baumannii	ATCC17978	KP1	False	True	False	False	False	tier4_host_only_or_proxy
kim2022_atcc17978_kp12_eop	Kim2022_KP1_KP12	Acinetobacter baumannii	ATCC17978	KP12	False	True	False	False	False	tier4_host_only_or_proxy
kim2022_clinical_isolate_15_0628_kp1_eop	Kim2022_KP1_KP12	Citrobacter freundii	clinical_isolate_15-0628	KP1	False	True	False	False	False	tier4_host_only_or_proxy
kim2022_clinical_isolate_15_0628_kp12_eop	Kim2022_KP1_KP12	Citrobacter freundii	clinical_isolate_15-0628	KP12	False	True	False	False	False	tier4_host_only_or_proxy
kim2022_kctc_2949_kp1_eop	Kim2022_KP1_KP12	Cronobacter sakazakii	KCTC_2949	KP1	False	True	False	False	False	tier4_host_only_or_proxy
kim2022_kctc_2949_kp12_eop	Kim2022_KP1_KP12	Cronobacter sakazakii	KCTC_2949	KP12	False	True	False	False	False	tier4_host_only_or_proxy
kim2022_kctc_1039_kp1_eop	Kim2022_KP1_KP12	Escherichia coli	KCTC_1039	KP1	False	True	False	False	False	tier4_host_only_or_proxy
kim2022_kctc_1039_kp12_eop	Kim2022_KP1_KP12	Escherichia coli	KCTC_1039	KP12	False	True	False	False	False	tier4_host_only_or_proxy
kim2022_k01_eco12_052_kp1_eop	Kim2022_KP1_KP12	Escherichia coli	K01-ECO12-052	KP1	False	True	False	False	False	tier4_host_only_or_proxy
kim2022_k01_eco12_052_kp12_eop	Kim2022_KP1_KP12	Escherichia coli	K01-ECO12-052	KP12	False	True	False	False	False	tier4_host_only_or_proxy
kim2022_kctc_2566_kp1_eop	Kim2022_KP1_KP12	Proteus mirabilis	KCTC_2566	KP1	False	True	False	False	False	tier4_host_only_or_proxy
kim2022_kctc_2566_kp12_eop	Kim2022_KP1_KP12	Proteus mirabilis	KCTC_2566	KP12	False	True	False	False	False	tier4_host_only_or_proxy
kim2022_kctc2004_kp1_eop	Kim2022_KP1_KP12	Pseudomonas aeruginosa	KCTC2004	KP1	False	True	False	False	False	tier4_host_only_or_proxy
kim2022_kctc2004_kp12_eop	Kim2022_KP1_KP12	Pseudomonas aeruginosa	KCTC2004	KP12	False	True	False	False	False	tier4_host_only_or_proxy
kim2022_typhimurium_atcc14028_kp1_eop	Kim2022_KP1_KP12	Salmonella enterica	Typhimurium_ATCC14028	KP1	False	True	False	False	False	tier4_host_only_or_proxy
kim2022_typhimurium_atcc14028_kp12_eop	Kim2022_KP1_KP12	Salmonella enterica	Typhimurium_ATCC14028	KP12	False	True	False	False	False	tier4_host_only_or_proxy
kim2022_enteritidis_kccm12021_kp1_eop	Kim2022_KP1_KP12	Salmonella enterica	Enteritidis_KCCM12021	KP1	False	True	False	False	False	tier4_host_only_or_proxy
kim2022_enteritidis_kccm12021_kp12_eop	Kim2022_KP1_KP12	Salmonella enterica	Enteritidis_KCCM12021	KP12	False	True	False	False	False	tier4_host_only_or_proxy
ciacci2018_12c47_vb_kpn_f48_eop	Ciacci2018_vB_Kpn_F48	Klebsiella pneumoniae	12C47	vB_Kpn_F48	False	True	True	False	True	tier2_proxy_host_exact_phage
ciacci2018_12c73_vb_kpn_f48_eop	Ciacci2018_vB_Kpn_F48	Klebsiella pneumoniae	12C73	vB_Kpn_F48	False	True	True	False	True	tier2_proxy_host_exact_phage
ciacci2018_kpc174_vb_kpn_f48_eop	Ciacci2018_vB_Kpn_F48	Klebsiella pneumoniae	KPC174	vB_Kpn_F48	False	True	True	False	True	tier2_proxy_host_exact_phage
ciacci2018_5559_vb_kpn_f48_eop	Ciacci2018_vB_Kpn_F48	Klebsiella pneumoniae	5559	vB_Kpn_F48	False	True	True	False	True	tier2_proxy_host_exact_phage
ciacci2018_5583_vb_kpn_f48_eop	Ciacci2018_vB_Kpn_F48	Klebsiella pneumoniae	5583	vB_Kpn_F48	False	True	True	False	True	tier2_proxy_host_exact_phage
ciacci2018_c002_vb_kpn_f48_eop	Ciacci2018_vB_Kpn_F48	Klebsiella pneumoniae	C002	vB_Kpn_F48	False	True	True	False	True	tier2_proxy_host_exact_phage
ciacci2018_k13_vb_kpn_f48_eop	Ciacci2018_vB_Kpn_F48	Klebsiella pneumoniae	K13	vB_Kpn_F48	False	True	True	False	True	tier2_proxy_host_exact_phage
ciacci2018_k18_vb_kpn_f48_eop	Ciacci2018_vB_Kpn_F48	Klebsiella pneumoniae	K18	vB_Kpn_F48	False	True	True	False	True	tier2_proxy_host_exact_phage
ciacci2018_6071_vb_kpn_f48_eop	Ciacci2018_vB_Kpn_F48	Klebsiella pneumoniae	6071	vB_Kpn_F48	False	True	True	False	True	tier2_proxy_host_exact_phage
ciacci2018_12c29_vb_kpn_f48_eop	Ciacci2018_vB_Kpn_F48	Klebsiella pneumoniae	12C29	vB_Kpn_F48	False	True	True	False	True	tier2_proxy_host_exact_phage
ciacci2018_5546_vb_kpn_f48_eop	Ciacci2018_vB_Kpn_F48	Klebsiella pneumoniae	5546	vB_Kpn_F48	False	True	True	False	True	tier2_proxy_host_exact_phage
ciacci2018_12c72_vb_kpn_f48_eop	Ciacci2018_vB_Kpn_F48	Klebsiella pneumoniae	12C72	vB_Kpn_F48	False	True	True	False	True	tier2_proxy_host_exact_phage
ciacci2018_kpc220_vb_kpn_f48_eop	Ciacci2018_vB_Kpn_F48	Klebsiella pneumoniae	KPC220	vB_Kpn_F48	False	True	True	False	True	tier2_proxy_host_exact_phage
ciacci2018_494647_vb_kpn_f48_eop	Ciacci2018_vB_Kpn_F48	Klebsiella pneumoniae	494647	vB_Kpn_F48	False	True	True	False	True	tier2_proxy_host_exact_phage
peng2025_p4_vb_kp_xp4_eop	Peng2025_vB_Kp_XP4	Klebsiella pneumoniae	XP4_panel_P4	vB_Kp_XP4	False	True	True	False	True	tier2_proxy_host_exact_phage
peng2025_1_vb_kp_xp4_eop	Peng2025_vB_Kp_XP4	Klebsiella pneumoniae	XP4_panel_1	vB_Kp_XP4	False	True	True	False	True	tier2_proxy_host_exact_phage
peng2025_2_vb_kp_xp4_eop	Peng2025_vB_Kp_XP4	Klebsiella pneumoniae	XP4_panel_2	vB_Kp_XP4	False	True	True	False	True	tier2_proxy_host_exact_phage
peng2025_3_vb_kp_xp4_eop	Peng2025_vB_Kp_XP4	Klebsiella pneumoniae	XP4_panel_3	vB_Kp_XP4	False	True	True	False	True	tier2_proxy_host_exact_phage
peng2025_4_vb_kp_xp4_eop	Peng2025_vB_Kp_XP4	Klebsiella pneumoniae	XP4_panel_4	vB_Kp_XP4	False	True	True	False	True	tier2_proxy_host_exact_phage
peng2025_5_vb_kp_xp4_eop	Peng2025_vB_Kp_XP4	Klebsiella pneumoniae	XP4_panel_5	vB_Kp_XP4	False	True	True	False	True	tier2_proxy_host_exact_phage
peng2025_6_vb_kp_xp4_eop	Peng2025_vB_Kp_XP4	Klebsiella pneumoniae	XP4_panel_6	vB_Kp_XP4	False	True	True	False	True	tier2_proxy_host_exact_phage
peng2025_7_vb_kp_xp4_eop	Peng2025_vB_Kp_XP4	Klebsiella pneumoniae	XP4_panel_7	vB_Kp_XP4	False	True	True	False	True	tier2_proxy_host_exact_phage
peng2025_8_vb_kp_xp4_eop	Peng2025_vB_Kp_XP4	Klebsiella pneumoniae	XP4_panel_8	vB_Kp_XP4	False	True	True	False	True	tier2_proxy_host_exact_phage
peng2025_9_vb_kp_xp4_eop	Peng2025_vB_Kp_XP4	Klebsiella pneumoniae	XP4_panel_9	vB_Kp_XP4	False	True	True	False	True	tier2_proxy_host_exact_phage
peng2025_10_vb_kp_xp4_eop	Peng2025_vB_Kp_XP4	Klebsiella pneumoniae	XP4_panel_10	vB_Kp_XP4	False	True	True	False	True	tier2_proxy_host_exact_phage
peng2025_11_vb_kp_xp4_eop	Peng2025_vB_Kp_XP4	Klebsiella pneumoniae	XP4_panel_11	vB_Kp_XP4	False	True	True	False	True	tier2_proxy_host_exact_phage
peng2025_12_vb_kp_xp4_eop	Peng2025_vB_Kp_XP4	Klebsiella pneumoniae	XP4_panel_12	vB_Kp_XP4	False	True	True	False	True	tier2_proxy_host_exact_phage
peng2025_13_vb_kp_xp4_eop	Peng2025_vB_Kp_XP4	Klebsiella pneumoniae	XP4_panel_13	vB_Kp_XP4	False	True	True	False	True	tier2_proxy_host_exact_phage
peng2025_14_vb_kp_xp4_eop	Peng2025_vB_Kp_XP4	Klebsiella pneumoniae	XP4_panel_14	vB_Kp_XP4	False	True	True	False	True	tier2_proxy_host_exact_phage
peng2025_15_vb_kp_xp4_eop	Peng2025_vB_Kp_XP4	Klebsiella pneumoniae	XP4_panel_15	vB_Kp_XP4	False	True	True	False	True	tier2_proxy_host_exact_phage
peng2025_16_vb_kp_xp4_eop	Peng2025_vB_Kp_XP4	Klebsiella pneumoniae	XP4_panel_16	vB_Kp_XP4	False	True	True	False	True	tier2_proxy_host_exact_phage
peng2025_17_vb_kp_xp4_eop	Peng2025_vB_Kp_XP4	Klebsiella pneumoniae	XP4_panel_17	vB_Kp_XP4	False	True	True	False	True	tier2_proxy_host_exact_phage
peng2025_18_vb_kp_xp4_eop	Peng2025_vB_Kp_XP4	Klebsiella pneumoniae	XP4_panel_18	vB_Kp_XP4	False	True	True	False	True	tier2_proxy_host_exact_phage
peng2025_19_vb_kp_xp4_eop	Peng2025_vB_Kp_XP4	Klebsiella pneumoniae	XP4_panel_19	vB_Kp_XP4	False	True	True	False	True	tier2_proxy_host_exact_phage
peng2025_20_vb_kp_xp4_eop	Peng2025_vB_Kp_XP4	Klebsiella pneumoniae	XP4_panel_20	vB_Kp_XP4	False	True	True	False	True	tier2_proxy_host_exact_phage
