source_key	title	url	source_format	status	priority	notes
Cady2012_PA14_CRISPR	The CRISPR/Cas Adaptive Immune System of Pseudomonas aeruginosa Mediates Resistance to Naturally Occurring and Engineered Phages	https://bondydenomylab.com/static/pdf/publications/cady_2012.pdf	PDF	hand_curated	high	PA14/JBD plaque-assay resistance rows curated; numeric EOP not reported in extracted table.
Magadan2012_CRISPR3	Cleavage of Phage DNA by the Streptococcus thermophilus CRISPR3-Cas System	https://journals.plos.org/plosone/article?id=10.1371/journal.pone.0040913	HTML/table	hand_curated	high	DGCC7710/phage 2972 BIM EOP rows curated from Table 3.
MirzaeiNilsson2015_EOP	Isolation of Phages for Phage Therapy: A Comparison of Spot Tests and Efficiency of Plating Analyses for Determination of Host Range and Efficacy	https://journals.plos.org/plosone/article?id=10.1371/journal.pone.0118557	DOCX	table_imported	high	S1 DOCX imported programmatically; 257 measured EOP rows.
Merabishvili2014_Acinetobacter	Characterization of Newly Isolated Lytic Bacteriophages Active against Acinetobacter baumannii	https://journals.plos.org/plosone/article?id=10.1371/journal.pone.0104853	TIFF	needs_manual_extraction	medium	Table S1 contains Acibel004/Acibel007 EOP/host-range data, but PLOS supplement downloaded as TIFF image.
SalmonellaCocktail2023_EOP	A Bacteriophage Cocktail Reduces Five Relevant Salmonella Serotypes at Low Multiplicities of Infection and Low Temperatures	https://pmc.ncbi.nlm.nih.gov/articles/PMC10535997/	HTML/table	queued	medium	Table 5 reports EOP of six phages against ten Salmonella strains.
AtoyacPhages2021_EOP	A Novel Group of Promiscuous Podophages Infecting Diverse Gammaproteobacteria from River Communities Exhibits Dynamic Intergenus Host Adaptation	https://pmc.ncbi.nlm.nih.gov/articles/PMC7857530/	figure/heatmap	queued	medium	Figure 2 heatmap reports EOP for six Atoyac phages across 54 environmental strains; needs numeric source extraction.
PseudomonasPhages2025_EOP	Six Novel Pseudomonas aeruginosa Phages: Genomic Insights and Therapeutic Potential	https://pmc.ncbi.nlm.nih.gov/articles/PMC12060848/	HTML/table	queued	medium	Reports EOP assay and susceptibility classes for six P. aeruginosa phages.
TherapeuticCocktails2019_EOP	Therapeutic Characterization and Efficacy of Bacteriophage Cocktails Infecting Escherichia coli, Klebsiella pneumoniae, and Enterobacter Species	https://www.frontiersin.org/journals/microbiology/articles/10.3389/fmicb.2019.00574/full	HTML/table	queued	high	Multi-genus therapeutic phage source with EOP classes; useful for E. coli, Klebsiella, and Enterobacter modeling.
Sofy2021_KPP5	Characterization and Full Genome Sequence of Novel KPP-5 Lytic Phage against Klebsiella pneumoniae Responsible for Recalcitrant Infection	https://www.mdpi.com/2227-9059/9/4/342	HTML/table	table_imported	high	Imported through scripts/import_embedded_literature_eop.py; 31 strain-level EOP-category rows.
Latka2021_K23Klebsiella	Novel Klebsiella pneumoniae K23-Specific Bacteriophages From Different Families: Similarity of Depolymerases and Their Therapeutic Potential	https://www.frontiersin.org/journals/microbiology/articles/10.3389/fmicb.2021.669618/full	HTML/table	table_imported	high	Imported through scripts/import_embedded_literature_eop.py; 24 numeric EOP rows.
Singh2025_KpCocktail	Phage (cocktail)-antibiotic synergism: a new frontier in addressing Klebsiella pneumoniae resistance	https://www.frontiersin.org/journals/microbiology/articles/10.3389/fmicb.2025.1588472/full	HTML/table	table_imported	medium	Imported through scripts/import_embedded_literature_eop.py; 12 numeric EOP rows.
Abdelhadi2021_STM2	Discovery of Polyvalent Myovirus (vB_STM-2) Phage as a Natural Antimicrobial System to Lysis and Biofilm Removal of Salmonella Typhimurium Isolates from Various Food Sources	https://www.mdpi.com/2071-1050/13/21/11602	HTML/table	table_imported	high	Imported through scripts/import_embedded_literature_eop.py; 108 EOP-category rows.
Wintachai2022_vABWU2101	Isolation and Characterization of a Novel Autographiviridae Phage and Its Combined Effect with Tigecycline in Controlling Multidrug-Resistant Acinetobacter baumannii-Associated Skin and Soft Tissue Infections	https://pmc.ncbi.nlm.nih.gov/articles/PMC8878389/	HTML/table	table_imported	high	Imported through scripts/import_embedded_literature_eop.py; 22 numeric host-range/EOP rows.
Wintachai2024_vECPW8	Isolation and Characterization of a Novel Escherichia Bacteriophage with Potential to Control Multidrug-Resistant Avian Pathogenic Escherichia coli and Biofilms	https://www.mdpi.com/2079-6382/13/11/1083	HTML/table	table_imported	high	Imported through scripts/import_embedded_literature_eop.py; 20 numeric EOP rows.
Kim2022_KP1_KP12	Characterization of Klebsiella pneumoniae bacteriophages, KP1 and KP12, with deep learning-based structure prediction	https://www.frontiersin.org/journals/microbiology/articles/10.3389/fmicb.2022.990910/full	HTML/table	table_imported	high	Imported through scripts/import_embedded_literature_eop.py; 40 percent-EOP rows converted to ratios.
Ciacci2018_vB_Kpn_F48	Characterization of vB_Kpn_F48, a Newly Discovered Lytic Bacteriophage for Klebsiella pneumoniae of Sequence Type 101	https://www.mdpi.com/1999-4915/10/9/482	HTML/table	table_imported	high	Imported through scripts/import_embedded_literature_eop.py; 14 numeric EOP rows.
Peng2025_vB_Kp_XP4	Isolation, characterization, and genomic analysis of a novel bacteriophage vB_Kp_XP4 targeting hypervirulent and multidrug-resistant Klebsiella pneumoniae	https://www.frontiersin.org/journals/microbiology/articles/10.3389/fmicb.2025.1491961/full	HTML/table	table_imported	medium	Imported through scripts/import_embedded_literature_eop.py; 21 percent-EOP rows converted to ratios.
Yakubovskij2025_KlebP265	Phage vB_KlebPS_265 Active Against Resistant/MDR and Hypermucoid K2 Strains of Klebsiella pneumoniae	https://www.mdpi.com/1999-4915/17/1/83	HTML/table	queued	medium	Useful 25-row EOP-category table, but full row set was not reliably extractable from machine-readable HTML; revisit via XML/PDF/manual extraction.
