source_key	bacterium	strain	query	candidate_rank	ncbi_uid	candidate_accession	candidate_title	candidate_length	review_status	notes
MirzaeiNilsson2015_EOP	Escherichia coli	ECOR_4	"""Escherichia coli""[Organism] AND ""ECOR 4""[All Fields]"	1	1807581350	NZ_LT985307	Escherichia coli strain ECOR 4 plasmid RCS86_pI, complete sequence	6069	needs_review	
MirzaeiNilsson2015_EOP	Escherichia coli	ECOR_4	"""Escherichia coli""[Organism] AND ""ECOR 4""[All Fields]"	2	1360517986	LT985307	Escherichia coli strain ECOR 4 genome assembly, plasmid: RCS86_pI	6069	needs_review	
MirzaeiNilsson2015_EOP	Escherichia coli	ECOR_4	"""Escherichia coli""[Organism] AND ""ECOR 4""[All Fields]"	3	18104373	AF359714	Escherichia coli strain ECOR 4 DNA polymerase I (polA) gene, partial cds	341	needs_review	
MirzaeiNilsson2015_EOP	Escherichia coli	ECOR_5	"""Escherichia coli""[Organism] AND ""ECOR 5""[All Fields]"	1	1444379507	MF993521	Escherichia coli strain EcoR-5 beta-lactamase TEM (blaTEM) gene, partial cds	858	needs_review	
MirzaeiNilsson2015_EOP	Escherichia coli	ECOR_5	"""Escherichia coli""[Organism] AND ""ECOR 5""[All Fields]"	2	18104375	AF359715	Escherichia coli strain ECOR 5 DNA polymerase I (polA) gene, partial cds	341	needs_review	
MirzaeiNilsson2015_EOP	Escherichia coli	ECOR_5	"""Escherichia coli""[Organism] AND ""ECOR 5""[All Fields]"	3	21666172	AF359642	Escherichia coli strain ECOR 5 DNA helicase II (uvrD) gene, partial cds	400	needs_review	
MirzaeiNilsson2015_EOP	Escherichia coli	ECOR_6	"""Escherichia coli""[Organism] AND ""ECOR 6""[All Fields]"	1	1797946683	NZ_LT985299	Escherichia coli strain ECOR 6 plasmid RCS91_p, complete sequence	13593	needs_review	
MirzaeiNilsson2015_EOP	Escherichia coli	ECOR_6	"""Escherichia coli""[Organism] AND ""ECOR 6""[All Fields]"	2	1360517450	LT985299	Escherichia coli strain ECOR 6 genome assembly, plasmid: RCS91_p	13593	needs_review	
MirzaeiNilsson2015_EOP	Escherichia coli	ECOR_6	"""Escherichia coli""[Organism] AND ""ECOR 6""[All Fields]"	3	18104377	AF359716	Escherichia coli strain ECOR 6 DNA polymerase I (polA) gene, partial cds	341	needs_review	
MirzaeiNilsson2015_EOP	Escherichia coli	ECOR_8	"""Escherichia coli""[Organism] AND ""ECOR 8""[All Fields]"	1	6539153	AF159702	AF159702 Escherichia coli ECOR 8 Escherichia coli genomic, genomic survey sequence	619	needs_review	
MirzaeiNilsson2015_EOP	Escherichia coli	ECOR_8	"""Escherichia coli""[Organism] AND ""ECOR 8""[All Fields]"	2	18104405	AF359730	Escherichia coli strain ECOR 8 DNA polymerase I (polA) gene, partial cds	341	needs_review	
MirzaeiNilsson2015_EOP	Escherichia coli	ECOR_8	"""Escherichia coli""[Organism] AND ""ECOR 8""[All Fields]"	3	21666145	AF359629	Escherichia coli strain ECOR 8 DNA helicase II (uvrD) gene, partial cds	400	needs_review	
MirzaeiNilsson2015_EOP	Escherichia coli	ECOR_10	"""Escherichia coli""[Organism] AND ""ECOR 10""[All Fields]"	1	1807591502	NZ_LT985292	Escherichia coli strain ECOR 10 plasmid RCS83_pIII, complete sequence	5912	needs_review	
MirzaeiNilsson2015_EOP	Escherichia coli	ECOR_10	"""Escherichia coli""[Organism] AND ""ECOR 10""[All Fields]"	2	1807591501	NZ_LT985291	Escherichia coli strain ECOR 10 plasmid RCS83_pII, complete sequence	2999	needs_review	
MirzaeiNilsson2015_EOP	Escherichia coli	ECOR_10	"""Escherichia coli""[Organism] AND ""ECOR 10""[All Fields]"	3	1807591500	NZ_LT985290	Escherichia coli strain ECOR 10 plasmid RCS83_pI, complete sequence	4074	needs_review	
MirzaeiNilsson2015_EOP	Escherichia coli	ECOR_13	"""Escherichia coli""[Organism] AND ""ECOR 13""[All Fields]"	1	1898944638	DABRFG000000000	TPA_asm: Escherichia coli strain ECOR-13, whole genome shotgun sequencing project	156	needs_review	
MirzaeiNilsson2015_EOP	Escherichia coli	ECOR_13	"""Escherichia coli""[Organism] AND ""ECOR 13""[All Fields]"	2	1832656212	DABAWP000000000	TPA_asm: Escherichia coli strain ECOR-13, whole genome shotgun sequencing project	189	needs_review	
MirzaeiNilsson2015_EOP	Escherichia coli	ECOR_13	"""Escherichia coli""[Organism] AND ""ECOR 13""[All Fields]"	3	18104395	AF359725	Escherichia coli strain ECOR 13 DNA polymerase I (polA) gene, partial cds	341	needs_review	
MirzaeiNilsson2015_EOP	Escherichia coli	ECOR_15	"""Escherichia coli""[Organism] AND ""ECOR 15""[All Fields]"	1	1898944651	DABRFH000000000	TPA_asm: Escherichia coli strain ECOR-15, whole genome shotgun sequencing project	113	needs_review	
MirzaeiNilsson2015_EOP	Escherichia coli	ECOR_15	"""Escherichia coli""[Organism] AND ""ECOR 15""[All Fields]"	2	1832655977	DABAWO000000000	TPA_asm: Escherichia coli strain ECOR-15, whole genome shotgun sequencing project	141	needs_review	
MirzaeiNilsson2015_EOP	Escherichia coli	ECOR_15	"""Escherichia coli""[Organism] AND ""ECOR 15""[All Fields]"	3	18104393	AF359724	Escherichia coli strain ECOR 15 DNA polymerase I (polA) gene, partial cds	341	needs_review	
MirzaeiNilsson2015_EOP	Escherichia coli	ECOR_16	"""Escherichia coli""[Organism] AND ""ECOR 16""[All Fields]"	1	1898944636	DABRFF000000000	TPA_asm: Escherichia coli strain ECOR-16, whole genome shotgun sequencing project	138	needs_review	
MirzaeiNilsson2015_EOP	Escherichia coli	ECOR_16	"""Escherichia coli""[Organism] AND ""ECOR 16""[All Fields]"	2	1832431780	DABAJD000000000	TPA_asm: Escherichia coli strain ECOR-16, whole genome shotgun sequencing project	133	needs_review	
MirzaeiNilsson2015_EOP	Escherichia coli	ECOR_16	"""Escherichia coli""[Organism] AND ""ECOR 16""[All Fields]"	3	18104391	AF359723	Escherichia coli strain ECOR 16 DNA polymerase I (polA) gene, partial cds	341	needs_review	
MirzaeiNilsson2015_EOP	Escherichia coli	ECOR_19	"""Escherichia coli""[Organism] AND ""ECOR 19""[All Fields]"	1	1797946669	NZ_LT985317	Escherichia coli strain ECOR 19 plasmid RCS81_p, complete sequence	37543	needs_review	
MirzaeiNilsson2015_EOP	Escherichia coli	ECOR_19	"""Escherichia coli""[Organism] AND ""ECOR 19""[All Fields]"	2	1898943853	DABRFB000000000	TPA_asm: Escherichia coli strain ECOR-19, whole genome shotgun sequencing project	158	needs_review	
MirzaeiNilsson2015_EOP	Escherichia coli	ECOR_19	"""Escherichia coli""[Organism] AND ""ECOR 19""[All Fields]"	3	1832672052	DABAXG000000000	TPA_asm: Escherichia coli strain ECOR-19/A, whole genome shotgun sequencing project	171	needs_review	
MirzaeiNilsson2015_EOP	Escherichia coli	ECOR_20	"""Escherichia coli""[Organism] AND ""ECOR 20""[All Fields]"	1	1898943431	DABREX000000000	TPA_asm: Escherichia coli strain ECOR-20, whole genome shotgun sequencing project	150	needs_review	
MirzaeiNilsson2015_EOP	Escherichia coli	ECOR_20	"""Escherichia coli""[Organism] AND ""ECOR 20""[All Fields]"	2	1832651354	DABAWG000000000	TPA_asm: Escherichia coli strain ECOR-20, whole genome shotgun sequencing project	163	needs_review	
MirzaeiNilsson2015_EOP	Escherichia coli	ECOR_20	"""Escherichia coli""[Organism] AND ""ECOR 20""[All Fields]"	3	18104345	AF359700	Escherichia coli strain ECOR 20 DNA polymerase I (polA) gene, partial cds	341	needs_review	
MirzaeiNilsson2015_EOP	Escherichia coli	ECOR_21	"""Escherichia coli""[Organism] AND ""ECOR 21""[All Fields]"	1	1898943485	DABREZ000000000	TPA_asm: Escherichia coli strain ECOR-21, whole genome shotgun sequencing project	167	needs_review	
MirzaeiNilsson2015_EOP	Escherichia coli	ECOR_21	"""Escherichia coli""[Organism] AND ""ECOR 21""[All Fields]"	2	1832651139	DABAWD000000000	TPA_asm: Escherichia coli strain ECOR-21, whole genome shotgun sequencing project	170	needs_review	
MirzaeiNilsson2015_EOP	Escherichia coli	ECOR_21	"""Escherichia coli""[Organism] AND ""ECOR 21""[All Fields]"	3	18104347	AF359701	Escherichia coli strain ECOR 21 DNA polymerase I (polA) gene, partial cds	341	needs_review	
MirzaeiNilsson2015_EOP	Escherichia coli	ECOR_22	"""Escherichia coli""[Organism] AND ""ECOR 22""[All Fields]"	1	1832651313	DABAWE000000000	TPA_asm: Escherichia coli strain ECOR-22, whole genome shotgun sequencing project	99	needs_review	
MirzaeiNilsson2015_EOP	Escherichia coli	ECOR_22	"""Escherichia coli""[Organism] AND ""ECOR 22""[All Fields]"	2	18104387	AF359721	Escherichia coli strain ECOR 22 DNA polymerase I (polA) gene, partial cds	341	needs_review	
MirzaeiNilsson2015_EOP	Escherichia coli	ECOR_22	"""Escherichia coli""[Organism] AND ""ECOR 22""[All Fields]"	3	21666184	AF359648	Escherichia coli strain ECOR 22 DNA helicase II (uvrD) gene, partial cds	400	needs_review	
MirzaeiNilsson2015_EOP	Escherichia coli	ECOR_23	"""Escherichia coli""[Organism] AND ""ECOR 23""[All Fields]"	1	1832651379	DABAWH000000000	TPA_asm: Escherichia coli strain ECOR-23, whole genome shotgun sequencing project	175	needs_review	
MirzaeiNilsson2015_EOP	Escherichia coli	ECOR_23	"""Escherichia coli""[Organism] AND ""ECOR 23""[All Fields]"	2	18104299	AF359677	Escherichia coli strain ECOR 23 DNA polymerase I (polA) gene, partial cds	341	needs_review	
MirzaeiNilsson2015_EOP	Escherichia coli	ECOR_23	"""Escherichia coli""[Organism] AND ""ECOR 23""[All Fields]"	3	21666097	AF359605	Escherichia coli strain ECOR 23 DNA helicase II (uvrD) gene, partial cds	400	needs_review	
MirzaeiNilsson2015_EOP	Escherichia coli	ECOR_24	"""Escherichia coli""[Organism] AND ""ECOR 24""[All Fields]"	1	1790932703	NZ_LT985301	Escherichia coli strain ECOR 24 plasmid RCS90_pII, complete sequence	11964	needs_review	
MirzaeiNilsson2015_EOP	Escherichia coli	ECOR_24	"""Escherichia coli""[Organism] AND ""ECOR 24""[All Fields]"	2	1790932702	NZ_LT985300	Escherichia coli strain ECOR 24 plasmid RCS90_pI, complete sequence	92968	needs_review	
MirzaeiNilsson2015_EOP	Escherichia coli	ECOR_24	"""Escherichia coli""[Organism] AND ""ECOR 24""[All Fields]"	3	1898943488	DABRFA000000000	TPA_asm: Escherichia coli strain ECOR-24, whole genome shotgun sequencing project	148	needs_review	
MirzaeiNilsson2015_EOP	Escherichia coli	ECOR_26	"""Escherichia coli""[Organism] AND ""ECOR 26""[All Fields]"	1	1898943484	DABREY000000000	TPA_asm: Escherichia coli strain ECOR-26, whole genome shotgun sequencing project	117	needs_review	
MirzaeiNilsson2015_EOP	Escherichia coli	ECOR_26	"""Escherichia coli""[Organism] AND ""ECOR 26""[All Fields]"	2	1832651318	DABAWF000000000	TPA_asm: Escherichia coli strain ECOR-26, whole genome shotgun sequencing project	102	needs_review	
MirzaeiNilsson2015_EOP	Escherichia coli	ECOR_26	"""Escherichia coli""[Organism] AND ""ECOR 26""[All Fields]"	3	1444379511	MF993523	Escherichia coli strain EcoR-26 beta-lactamase SHV (blaSHV) gene, partial cds	859	needs_review	
MirzaeiNilsson2015_EOP	Escherichia coli	ECOR_27	"""Escherichia coli""[Organism] AND ""ECOR 27""[All Fields]"	1	1898943404	DABREV000000000	TPA_asm: Escherichia coli strain ECOR-27, whole genome shotgun sequencing project	148	needs_review	
MirzaeiNilsson2015_EOP	Escherichia coli	ECOR_27	"""Escherichia coli""[Organism] AND ""ECOR 27""[All Fields]"	2	1832650651	DABAVZ000000000	TPA_asm: Escherichia coli strain ECOR-27, whole genome shotgun sequencing project	119	needs_review	
MirzaeiNilsson2015_EOP	Escherichia coli	ECOR_27	"""Escherichia coli""[Organism] AND ""ECOR 27""[All Fields]"	3	18104351	AF359703	Escherichia coli strain ECOR 27 DNA polymerase I (polA) gene, partial cds	341	needs_review	
MirzaeiNilsson2015_EOP	Escherichia coli	ECOR_29	"""Escherichia coli""[Organism] AND ""ECOR 29""[All Fields]"	1	1898943422	DABREW000000000	TPA_asm: Escherichia coli strain ECOR-29, whole genome shotgun sequencing project	83	needs_review	
MirzaeiNilsson2015_EOP	Escherichia coli	ECOR_29	"""Escherichia coli""[Organism] AND ""ECOR 29""[All Fields]"	2	1832651081	DABAWB000000000	TPA_asm: Escherichia coli strain ECOR-29, whole genome shotgun sequencing project	110	needs_review	
MirzaeiNilsson2015_EOP	Escherichia coli	ECOR_29	"""Escherichia coli""[Organism] AND ""ECOR 29""[All Fields]"	3	18104379	AF359717	Escherichia coli strain ECOR 29 DNA polymerase I (polA) gene, partial cds	341	needs_review	
MirzaeiNilsson2015_EOP	Escherichia coli	ECOR_30	"""Escherichia coli""[Organism] AND ""ECOR 30""[All Fields]"	1	1790933184	NZ_LT985319	Escherichia coli strain ECOR 30 plasmid RCS96_pII, complete sequence	147478	needs_review	
MirzaeiNilsson2015_EOP	Escherichia coli	ECOR_30	"""Escherichia coli""[Organism] AND ""ECOR 30""[All Fields]"	2	1790933183	NZ_LT985318	Escherichia coli strain ECOR 30 plasmid RCS96_p, complete sequence	37454	needs_review	
MirzaeiNilsson2015_EOP	Escherichia coli	ECOR_30	"""Escherichia coli""[Organism] AND ""ECOR 30""[All Fields]"	3	1832650442	DABAVX000000000	TPA_asm: Escherichia coli strain ECOR-30, whole genome shotgun sequencing project	129	needs_review	
MirzaeiNilsson2015_EOP	Escherichia coli	ECOR_32	"""Escherichia coli""[Organism] AND ""ECOR 32""[All Fields]"	1	1832671885	DABAXB000000000	TPA_asm: Escherichia coli strain ECOR-32/B1, whole genome shotgun sequencing project	125	needs_review	
MirzaeiNilsson2015_EOP	Escherichia coli	ECOR_32	"""Escherichia coli""[Organism] AND ""ECOR 32""[All Fields]"	2	1832650389	DABAVV000000000	TPA_asm: Escherichia coli strain ECOR-32, whole genome shotgun sequencing project	126	needs_review	
MirzaeiNilsson2015_EOP	Escherichia coli	ECOR_32	"""Escherichia coli""[Organism] AND ""ECOR 32""[All Fields]"	3	18104301	AF359678	Escherichia coli strain ECOR 32 DNA polymerase I (polA) gene, partial cds	341	needs_review	
MirzaeiNilsson2015_EOP	Escherichia coli	ECOR_33	"""Escherichia coli""[Organism] AND ""ECOR 33""[All Fields]"	1	1832645121	DABAVQ000000000	TPA_asm: Escherichia coli strain ECOR-33, whole genome shotgun sequencing project	148	needs_review	
MirzaeiNilsson2015_EOP	Escherichia coli	ECOR_33	"""Escherichia coli""[Organism] AND ""ECOR 33""[All Fields]"	2	18104441	AF359748	Escherichia coli strain ECOR 33 DNA polymerase I (polA) gene, partial cds	341	needs_review	
MirzaeiNilsson2015_EOP	Escherichia coli	ECOR_33	"""Escherichia coli""[Organism] AND ""ECOR 33""[All Fields]"	3	21666129	AF359621	Escherichia coli strain ECOR 33 DNA helicase II (uvrD) gene, partial cds	400	needs_review	
MirzaeiNilsson2015_EOP	Escherichia coli	ECOR_34	"""Escherichia coli""[Organism] AND ""ECOR 34""[All Fields]"	1	1832650390	DABAVW000000000	TPA_asm: Escherichia coli strain ECOR-34, whole genome shotgun sequencing project	166	needs_review	
MirzaeiNilsson2015_EOP	Escherichia coli	ECOR_34	"""Escherichia coli""[Organism] AND ""ECOR 34""[All Fields]"	2	18104357	AF359706	Escherichia coli strain ECOR 34 DNA polymerase I (polA) gene, partial cds	341	needs_review	
MirzaeiNilsson2015_EOP	Escherichia coli	ECOR_34	"""Escherichia coli""[Organism] AND ""ECOR 34""[All Fields]"	3	21666131	AF359622	Escherichia coli strain ECOR 34 DNA helicase II (uvrD) gene, partial cds	400	needs_review	
MirzaeiNilsson2015_EOP	Escherichia coli	ECOR_35	"""Escherichia coli""[Organism] AND ""ECOR 35""[All Fields]"	1	1832645560	DABAVS000000000	TPA_asm: Escherichia coli strain ECOR-35, whole genome shotgun sequencing project	234	needs_review	
MirzaeiNilsson2015_EOP	Escherichia coli	ECOR_35	"""Escherichia coli""[Organism] AND ""ECOR 35""[All Fields]"	2	18104303	AF359679	Escherichia coli strain ECOR 35 DNA polymerase I (polA) gene, partial cds	341	needs_review	
MirzaeiNilsson2015_EOP	Escherichia coli	ECOR_35	"""Escherichia coli""[Organism] AND ""ECOR 35""[All Fields]"	3	21666203	AF359657	Escherichia coli strain ECOR 35 DNA helicase II (uvrD) gene, partial cds	400	needs_review	
MirzaeiNilsson2015_EOP	Escherichia coli	ECOR_36	"""Escherichia coli""[Organism] AND ""ECOR 36""[All Fields]"	1	1832657455	DABAWZ000000000	TPA_asm: Escherichia coli strain ECOR-36/D, whole genome shotgun sequencing project	303	needs_review	
MirzaeiNilsson2015_EOP	Escherichia coli	ECOR_36	"""Escherichia coli""[Organism] AND ""ECOR 36""[All Fields]"	2	1832645867	DABAVR000000000	TPA_asm: Escherichia coli strain ECOR-36, whole genome shotgun sequencing project	281	needs_review	
MirzaeiNilsson2015_EOP	Escherichia coli	ECOR_36	"""Escherichia coli""[Organism] AND ""ECOR 36""[All Fields]"	3	18104305	AF359680	Escherichia coli strain ECOR 36 DNA polymerase I (polA) gene, partial cds	341	needs_review	
MirzaeiNilsson2015_EOP	Escherichia coli	ECOR_37	"""Escherichia coli""[Organism] AND ""ECOR 37""[All Fields]"	1	1797946647	NZ_LT985306	Escherichia coli strain ECOR 37 plasmid RCS88_p, complete sequence	93395	needs_review	
MirzaeiNilsson2015_EOP	Escherichia coli	ECOR_37	"""Escherichia coli""[Organism] AND ""ECOR 37""[All Fields]"	2	1832650388	DABAVT000000000	TPA_asm: Escherichia coli strain ECOR-37, whole genome shotgun sequencing project	365	needs_review	
MirzaeiNilsson2015_EOP	Escherichia coli	ECOR_37	"""Escherichia coli""[Organism] AND ""ECOR 37""[All Fields]"	3	1360517878	LT985306	Escherichia coli strain ECOR 37 genome assembly, plasmid: RCS88_p	93395	needs_review	
MirzaeiNilsson2015_EOP	Escherichia coli	ECOR_38	"""Escherichia coli""[Organism] AND ""ECOR 38""[All Fields]"	1	1898943353	DABREQ000000000	TPA_asm: Escherichia coli strain ECOR-38, whole genome shotgun sequencing project	205	needs_review	
MirzaeiNilsson2015_EOP	Escherichia coli	ECOR_38	"""Escherichia coli""[Organism] AND ""ECOR 38""[All Fields]"	2	1832645431	DABAVP000000000	TPA_asm: Escherichia coli strain ECOR-38, whole genome shotgun sequencing project	192	needs_review	
MirzaeiNilsson2015_EOP	Escherichia coli	ECOR_38	"""Escherichia coli""[Organism] AND ""ECOR 38""[All Fields]"	3	18104407	AF359731	Escherichia coli strain ECOR 38 DNA polymerase I (polA) gene, partial cds	341	needs_review	
MirzaeiNilsson2015_EOP	Escherichia coli	ECOR_39	"""Escherichia coli""[Organism] AND ""ECOR 39""[All Fields]"	1	1807591497	NZ_LT985303	Escherichia coli strain ECOR 39 plasmid RCS82_pII, complete sequence	23526	needs_review	
MirzaeiNilsson2015_EOP	Escherichia coli	ECOR_39	"""Escherichia coli""[Organism] AND ""ECOR 39""[All Fields]"	2	1807591492	NZ_LT985302	Escherichia coli strain ECOR 39 plasmid RCS82_pI, complete sequence	47789	needs_review	
MirzaeiNilsson2015_EOP	Escherichia coli	ECOR_39	"""Escherichia coli""[Organism] AND ""ECOR 39""[All Fields]"	3	1898943351	DABREP000000000	TPA_asm: Escherichia coli strain ECOR-39, whole genome shotgun sequencing project	196	needs_review	
MirzaeiNilsson2015_EOP	Escherichia coli	ECOR_40	"""Escherichia coli""[Organism] AND ""ECOR 40""[All Fields]"	1	1898943360	DABRER000000000	TPA_asm: Escherichia coli strain ECOR-40, whole genome shotgun sequencing project	266	needs_review	
MirzaeiNilsson2015_EOP	Escherichia coli	ECOR_40	"""Escherichia coli""[Organism] AND ""ECOR 40""[All Fields]"	2	1832645683	DABAVO000000000	TPA_asm: Escherichia coli strain ECOR-40, whole genome shotgun sequencing project	195	needs_review	
MirzaeiNilsson2015_EOP	Escherichia coli	ECOR_40	"""Escherichia coli""[Organism] AND ""ECOR 40""[All Fields]"	3	18104413	AF359734	Escherichia coli strain ECOR 40 DNA polymerase I (polA) gene, partial cds	341	needs_review	
MirzaeiNilsson2015_EOP	Escherichia coli	ECOR_41	"""Escherichia coli""[Organism] AND ""ECOR 41""[All Fields]"	1	1898943333	DABREM000000000	TPA_asm: Escherichia coli strain ECOR-41, whole genome shotgun sequencing project	196	needs_review	
MirzaeiNilsson2015_EOP	Escherichia coli	ECOR_41	"""Escherichia coli""[Organism] AND ""ECOR 41""[All Fields]"	2	1832299503	DAAZUH000000000	TPA_asm: Escherichia coli strain ECOR-41, whole genome shotgun sequencing project	199	needs_review	
MirzaeiNilsson2015_EOP	Escherichia coli	ECOR_41	"""Escherichia coli""[Organism] AND ""ECOR 41""[All Fields]"	3	1444379515	MF993525	Escherichia coli strain EcoR-41 tetracycline resistance protein TET (tet) gene, partial cds	413	needs_review	
MirzaeiNilsson2015_EOP	Escherichia coli	ECOR_42	"""Escherichia coli""[Organism] AND ""ECOR 42""[All Fields]"	1	1898943270	DABREK000000000	TPA_asm: Escherichia coli strain ECOR-42, whole genome shotgun sequencing project	131	needs_review	
MirzaeiNilsson2015_EOP	Escherichia coli	ECOR_42	"""Escherichia coli""[Organism] AND ""ECOR 42""[All Fields]"	2	1832643742	DABAVK000000000	TPA_asm: Escherichia coli strain ECOR-42, whole genome shotgun sequencing project	112	needs_review	
MirzaeiNilsson2015_EOP	Escherichia coli	ECOR_42	"""Escherichia coli""[Organism] AND ""ECOR 42""[All Fields]"	3	18104361	AF359708	Escherichia coli strain ECOR 42 DNA polymerase I (polA) gene, partial cds	341	needs_review	
MirzaeiNilsson2015_EOP	Escherichia coli	ECOR_43	"""Escherichia coli""[Organism] AND ""ECOR 43""[All Fields]"	1	1832643446	DABAVJ000000000	TPA_asm: Escherichia coli strain ECOR-43, whole genome shotgun sequencing project	228	needs_review	
MirzaeiNilsson2015_EOP	Escherichia coli	ECOR_43	"""Escherichia coli""[Organism] AND ""ECOR 43""[All Fields]"	2	18104363	AF359709	Escherichia coli strain ECOR 43 DNA polymerase I (polA) gene, partial cds	341	needs_review	
MirzaeiNilsson2015_EOP	Escherichia coli	ECOR_43	"""Escherichia coli""[Organism] AND ""ECOR 43""[All Fields]"	3	21666198	AF359655	Escherichia coli strain ECOR 43 DNA helicase II (uvrD) gene, partial cds	400	needs_review	
MirzaeiNilsson2015_EOP	Escherichia coli	ECOR_46	"""Escherichia coli""[Organism] AND ""ECOR 46""[All Fields]"	1	1832423582	DABAEA000000000	TPA_asm: Escherichia coli strain ECOR-46, whole genome shotgun sequencing project	145	needs_review	
MirzaeiNilsson2015_EOP	Escherichia coli	ECOR_46	"""Escherichia coli""[Organism] AND ""ECOR 46""[All Fields]"	2	18104367	AF359711	Escherichia coli strain ECOR 46 DNA polymerase I (polA) gene, partial cds	341	needs_review	
MirzaeiNilsson2015_EOP	Escherichia coli	ECOR_46	"""Escherichia coli""[Organism] AND ""ECOR 46""[All Fields]"	3	21666228	AF359669	Escherichia coli strain ECOR 46 DNA helicase II (uvrD) gene, partial cds	400	needs_review	
MirzaeiNilsson2015_EOP	Escherichia coli	ECOR_47	"""Escherichia coli""[Organism] AND ""ECOR 47""[All Fields]"	1	1832644588	DABAVM000000000	TPA_asm: Escherichia coli strain ECOR-47, whole genome shotgun sequencing project	106	needs_review	
MirzaeiNilsson2015_EOP	Escherichia coli	ECOR_47	"""Escherichia coli""[Organism] AND ""ECOR 47""[All Fields]"	2	18104427	AF359741	Escherichia coli strain ECOR 47 DNA polymerase I (polA) gene, partial cds	341	needs_review	
MirzaeiNilsson2015_EOP	Escherichia coli	ECOR_47	"""Escherichia coli""[Organism] AND ""ECOR 47""[All Fields]"	3	21666224	AF359667	Escherichia coli strain ECOR 47 DNA helicase II (uvrD) gene, partial cds	400	needs_review	
MirzaeiNilsson2015_EOP	Escherichia coli	ECOR_48	"""Escherichia coli""[Organism] AND ""ECOR 48""[All Fields]"	1	1797946667	NZ_LT985305	Escherichia coli strain ECOR 48 plasmid RCS84_p, complete sequence	83309	needs_review	
MirzaeiNilsson2015_EOP	Escherichia coli	ECOR_48	"""Escherichia coli""[Organism] AND ""ECOR 48""[All Fields]"	2	1832657933	DABAWX000000000	TPA_asm: Escherichia coli strain ECOR-48/D, whole genome shotgun sequencing project	142	needs_review	
MirzaeiNilsson2015_EOP	Escherichia coli	ECOR_48	"""Escherichia coli""[Organism] AND ""ECOR 48""[All Fields]"	3	1360517783	LT985305	Escherichia coli strain ECOR 48 genome assembly, plasmid: RCS84_p	83309	needs_review	
MirzaeiNilsson2015_EOP	Escherichia coli	ECOR_49	"""Escherichia coli""[Organism] AND ""ECOR 49""[All Fields]"	1	1832641597	DABAVF000000000	TPA_asm: Escherichia coli strain ECOR-49, whole genome shotgun sequencing project	263	needs_review	
MirzaeiNilsson2015_EOP	Escherichia coli	ECOR_49	"""Escherichia coli""[Organism] AND ""ECOR 49""[All Fields]"	2	18104419	AF359737	Escherichia coli strain ECOR 49 DNA polymerase I (polA) gene, partial cds	341	needs_review	
MirzaeiNilsson2015_EOP	Escherichia coli	ECOR_49	"""Escherichia coli""[Organism] AND ""ECOR 49""[All Fields]"	3	21666230	AF359670	Escherichia coli strain ECOR 49 DNA helicase II (uvrD) gene, partial cds	400	needs_review	
MirzaeiNilsson2015_EOP	Escherichia coli	ECOR_50	"""Escherichia coli""[Organism] AND ""ECOR 50""[All Fields]"	1	1898943335	DABREO000000000	TPA_asm: Escherichia coli strain ECOR-50, whole genome shotgun sequencing project	275	needs_review	
MirzaeiNilsson2015_EOP	Escherichia coli	ECOR_50	"""Escherichia coli""[Organism] AND ""ECOR 50""[All Fields]"	2	1832644134	DABAVL000000000	TPA_asm: Escherichia coli strain Ecor-50, whole genome shotgun sequencing project	349	needs_review	
MirzaeiNilsson2015_EOP	Escherichia coli	ECOR_50	"""Escherichia coli""[Organism] AND ""ECOR 50""[All Fields]"	3	18104421	AF359738	Escherichia coli strain ECOR 50 DNA polymerase I (polA) gene, partial cds	341	needs_review	
MirzaeiNilsson2015_EOP	Escherichia coli	ECOR_51	"""Escherichia coli""[Organism] AND ""ECOR 51""[All Fields]"	1	1832642043	DABAVE000000000	TPA_asm: Escherichia coli strain ECOR-51, whole genome shotgun sequencing project	413	needs_review	
MirzaeiNilsson2015_EOP	Escherichia coli	ECOR_51	"""Escherichia coli""[Organism] AND ""ECOR 51""[All Fields]"	2	18104307	AF359681	Escherichia coli strain ECOR 51 DNA polymerase I (polA) gene, partial cds	341	needs_review	
MirzaeiNilsson2015_EOP	Escherichia coli	ECOR_51	"""Escherichia coli""[Organism] AND ""ECOR 51""[All Fields]"	3	21666101	AF359607	Escherichia coli strain ECOR 51 DNA helicase II (uvrD) gene, partial cds	400	needs_review	
MirzaeiNilsson2015_EOP	Escherichia coli	ECOR_52	"""Escherichia coli""[Organism] AND ""ECOR 52""[All Fields]"	1	1898943487	DABREH000000000	TPA_asm: Escherichia coli strain ECOR-52, whole genome shotgun sequencing project	165	needs_review	
MirzaeiNilsson2015_EOP	Escherichia coli	ECOR_52	"""Escherichia coli""[Organism] AND ""ECOR 52""[All Fields]"	2	1832641502	DABAVD000000000	TPA_asm: Escherichia coli strain ECOR-52, whole genome shotgun sequencing project	160	needs_review	
MirzaeiNilsson2015_EOP	Escherichia coli	ECOR_52	"""Escherichia coli""[Organism] AND ""ECOR 52""[All Fields]"	3	1832424765	DABAIT000000000	TPA_asm: Escherichia coli strain ECOR-52/B2, whole genome shotgun sequencing project	168	needs_review	
MirzaeiNilsson2015_EOP	Escherichia coli	ECOR_53	"""Escherichia coli""[Organism] AND ""ECOR 53""[All Fields]"	1	1898943388	DABREI000000000	TPA_asm: Escherichia coli strain ECOR-53, whole genome shotgun sequencing project	131	needs_review	
MirzaeiNilsson2015_EOP	Escherichia coli	ECOR_53	"""Escherichia coli""[Organism] AND ""ECOR 53""[All Fields]"	2	1832643827	DABAVI000000000	TPA_asm: Escherichia coli strain ECOR-53, whole genome shotgun sequencing project	137	needs_review	
MirzaeiNilsson2015_EOP	Escherichia coli	ECOR_53	"""Escherichia coli""[Organism] AND ""ECOR 53""[All Fields]"	3	18104319	AF359687	Escherichia coli strain ECOR 53 DNA polymerase I (polA) gene, partial cds	341	needs_review	
MirzaeiNilsson2015_EOP	Escherichia coli	ECOR_54	"""Escherichia coli""[Organism] AND ""ECOR 54""[All Fields]"	1	1898943382	DABREG000000000	TPA_asm: Escherichia coli strain ECOR-54, whole genome shotgun sequencing project	140	needs_review	
MirzaeiNilsson2015_EOP	Escherichia coli	ECOR_54	"""Escherichia coli""[Organism] AND ""ECOR 54""[All Fields]"	2	1832641364	DABAVB000000000	TPA_asm: Escherichia coli strain ECOR-54, whole genome shotgun sequencing project	123	needs_review	
MirzaeiNilsson2015_EOP	Escherichia coli	ECOR_54	"""Escherichia coli""[Organism] AND ""ECOR 54""[All Fields]"	3	18104311	AF359683	Escherichia coli strain ECOR 54 DNA polymerase I (polA) gene, partial cds	341	needs_review	
MirzaeiNilsson2015_EOP	Escherichia coli	ECOR_55	"""Escherichia coli""[Organism] AND ""ECOR 55""[All Fields]"	1	1832641308	DABAUZ000000000	TPA_asm: Escherichia coli strain ECOR-55, whole genome shotgun sequencing project	147	needs_review	
MirzaeiNilsson2015_EOP	Escherichia coli	ECOR_55	"""Escherichia coli""[Organism] AND ""ECOR 55""[All Fields]"	2	18104313	AF359684	Escherichia coli strain ECOR 55 DNA polymerase I (polA) gene, partial cds	341	needs_review	
MirzaeiNilsson2015_EOP	Escherichia coli	ECOR_55	"""Escherichia coli""[Organism] AND ""ECOR 55""[All Fields]"	3	21666105	AF359609	Escherichia coli strain ECOR 55 DNA helicase II (uvrD) gene, partial cds	400	needs_review	
MirzaeiNilsson2015_EOP	Escherichia coli	ECOR_56	"""Escherichia coli""[Organism] AND ""ECOR 56""[All Fields]"	1	1832641212	DABAUY000000000	TPA_asm: Escherichia coli strain ECOR-56, whole genome shotgun sequencing project	108	needs_review	
MirzaeiNilsson2015_EOP	Escherichia coli	ECOR_56	"""Escherichia coli""[Organism] AND ""ECOR 56""[All Fields]"	2	18104317	AF359686	Escherichia coli strain ECOR 56 DNA polymerase I (polA) gene, partial cds	341	needs_review	
MirzaeiNilsson2015_EOP	Escherichia coli	ECOR_56	"""Escherichia coli""[Organism] AND ""ECOR 56""[All Fields]"	3	21666107	AF359610	Escherichia coli strain ECOR 56 DNA helicase II (uvrD) gene, partial cds	400	needs_review	
MirzaeiNilsson2015_EOP	Escherichia coli	ECOR_57	"""Escherichia coli""[Organism] AND ""ECOR 57""[All Fields]"	1	1898578913	DABQXA000000000	TPA_asm: Escherichia coli strain ECOR-57, whole genome shotgun sequencing project	185	needs_review	
MirzaeiNilsson2015_EOP	Escherichia coli	ECOR_57	"""Escherichia coli""[Organism] AND ""ECOR 57""[All Fields]"	2	1832641356	DABAVA000000000	TPA_asm: Escherichia coli strain ECOR-57, whole genome shotgun sequencing project	145	needs_review	
MirzaeiNilsson2015_EOP	Escherichia coli	ECOR_57	"""Escherichia coli""[Organism] AND ""ECOR 57""[All Fields]"	3	18104315	AF359685	Escherichia coli strain ECOR 57 DNA polymerase I (polA) gene, partial cds	341	needs_review	
MirzaeiNilsson2015_EOP	Escherichia coli	ECOR_59	"""Escherichia coli""[Organism] AND ""ECOR 59""[All Fields]"	1	1832640907	DABAUU000000000	TPA_asm: Escherichia coli strain ECOR-59, whole genome shotgun sequencing project	94	needs_review	
MirzaeiNilsson2015_EOP	Escherichia coli	ECOR_59	"""Escherichia coli""[Organism] AND ""ECOR 59""[All Fields]"	2	18104321	AF359688	Escherichia coli strain ECOR 59 DNA polymerase I (polA) gene, partial cds	341	needs_review	
MirzaeiNilsson2015_EOP	Escherichia coli	ECOR_59	"""Escherichia coli""[Organism] AND ""ECOR 59""[All Fields]"	3	21666216	AF359663	Escherichia coli strain ECOR 59 DNA helicase II (uvrD) gene, partial cds	400	needs_review	
MirzaeiNilsson2015_EOP	Escherichia coli	ECOR_60	"""Escherichia coli""[Organism] AND ""ECOR 60""[All Fields]"	1	1898943181	DABREB000000000	TPA_asm: Escherichia coli strain ECOR-60, whole genome shotgun sequencing project	140	needs_review	
MirzaeiNilsson2015_EOP	Escherichia coli	ECOR_60	"""Escherichia coli""[Organism] AND ""ECOR 60""[All Fields]"	2	1832641072	DABAUV000000000	TPA_asm: Escherichia coli strain ECOR-60, whole genome shotgun sequencing project	171	needs_review	
MirzaeiNilsson2015_EOP	Escherichia coli	ECOR_60	"""Escherichia coli""[Organism] AND ""ECOR 60""[All Fields]"	3	18104323	AF359689	Escherichia coli strain ECOR 60 DNA polymerase I (polA) gene, partial cds	341	needs_review	
MirzaeiNilsson2015_EOP	Escherichia coli	ECOR_61	"""Escherichia coli""[Organism] AND ""ECOR 61""[All Fields]"	1	1832641065	DABAUW000000000	TPA_asm: Escherichia coli strain ECOR-61, whole genome shotgun sequencing project	122	needs_review	
MirzaeiNilsson2015_EOP	Escherichia coli	ECOR_61	"""Escherichia coli""[Organism] AND ""ECOR 61""[All Fields]"	2	18104325	AF359690	Escherichia coli strain ECOR 61 DNA polymerase I (polA) gene, partial cds	341	needs_review	
MirzaeiNilsson2015_EOP	Escherichia coli	ECOR_61	"""Escherichia coli""[Organism] AND ""ECOR 61""[All Fields]"	3	21666220	AF359665	Escherichia coli strain ECOR 61 DNA helicase II (uvrD) gene, partial cds	400	needs_review	
MirzaeiNilsson2015_EOP	Escherichia coli	ECOR_62	"""Escherichia coli""[Organism] AND ""ECOR 62""[All Fields]"	1	1832641203	DABAUX000000000	TPA_asm: Escherichia coli strain ECOR-62, whole genome shotgun sequencing project	141	needs_review	
MirzaeiNilsson2015_EOP	Escherichia coli	ECOR_62	"""Escherichia coli""[Organism] AND ""ECOR 62""[All Fields]"	2	18104327	AF359691	Escherichia coli strain ECOR 62 DNA polymerase I (polA) gene, partial cds	341	needs_review	
MirzaeiNilsson2015_EOP	Escherichia coli	ECOR_62	"""Escherichia coli""[Organism] AND ""ECOR 62""[All Fields]"	3	21666218	AF359664	Escherichia coli strain ECOR 62 DNA helicase II (uvrD) gene, partial cds	400	needs_review	
MirzaeiNilsson2015_EOP	Escherichia coli	ECOR_63	"""Escherichia coli""[Organism] AND ""ECOR 63""[All Fields]"	1	1898943370	DABREC000000000	TPA_asm: Escherichia coli strain ECOR-63, whole genome shotgun sequencing project	124	needs_review	
MirzaeiNilsson2015_EOP	Escherichia coli	ECOR_63	"""Escherichia coli""[Organism] AND ""ECOR 63""[All Fields]"	2	1832640831	DABAUT000000000	TPA_asm: Escherichia coli strain ECOR-63, whole genome shotgun sequencing project	115	needs_review	
MirzaeiNilsson2015_EOP	Escherichia coli	ECOR_63	"""Escherichia coli""[Organism] AND ""ECOR 63""[All Fields]"	3	18104329	AF359692	Escherichia coli strain ECOR 63 DNA polymerase I (polA) gene, partial cds	341	needs_review	
MirzaeiNilsson2015_EOP	Escherichia coli	ECOR_64	"""Escherichia coli""[Organism] AND ""ECOR 64""[All Fields]"	1	1832638783	DABAUP000000000	TPA_asm: Escherichia coli strain ECOR-64, whole genome shotgun sequencing project	155	needs_review	
MirzaeiNilsson2015_EOP	Escherichia coli	ECOR_64	"""Escherichia coli""[Organism] AND ""ECOR 64""[All Fields]"	2	18104331	AF359693	Escherichia coli strain ECOR 64 DNA polymerase I (polA) gene, partial cds	341	needs_review	
MirzaeiNilsson2015_EOP	Escherichia coli	ECOR_64	"""Escherichia coli""[Organism] AND ""ECOR 64""[All Fields]"	3	21666235	AF359672	Escherichia coli strain ECOR 64 DNA helicase II (uvrD) gene, partial cds	400	needs_review	
MirzaeiNilsson2015_EOP	Escherichia coli	ECOR_65	"""Escherichia coli""[Organism] AND ""ECOR 65""[All Fields]"	1	1832635671	DABAUJ000000000	TPA_asm: Escherichia coli strain ECOR-65, whole genome shotgun sequencing project	100	needs_review	
MirzaeiNilsson2015_EOP	Escherichia coli	ECOR_65	"""Escherichia coli""[Organism] AND ""ECOR 65""[All Fields]"	2	18104333	AF359694	Escherichia coli strain ECOR 65 DNA polymerase I (polA) gene, partial cds	341	needs_review	
MirzaeiNilsson2015_EOP	Escherichia coli	ECOR_65	"""Escherichia coli""[Organism] AND ""ECOR 65""[All Fields]"	3	21666113	AF359613	Escherichia coli strain ECOR 65 DNA helicase II (uvrD) gene, partial cds	400	needs_review	
MirzaeiNilsson2015_EOP	Escherichia coli	ECOR_66	"""Escherichia coli""[Organism] AND ""ECOR 66""[All Fields]"	1	1832636245	DABAUK000000000	TPA_asm: Escherichia coli strain ECOR-66, whole genome shotgun sequencing project	57	needs_review	
MirzaeiNilsson2015_EOP	Escherichia coli	ECOR_66	"""Escherichia coli""[Organism] AND ""ECOR 66""[All Fields]"	2	18104415	AF359735	Escherichia coli strain ECOR 66 DNA polymerase I (polA) gene, partial cds	341	needs_review	
MirzaeiNilsson2015_EOP	Escherichia coli	ECOR_66	"""Escherichia coli""[Organism] AND ""ECOR 66""[All Fields]"	3	21666243	AF359676	Escherichia coli strain ECOR 66 DNA helicase II (uvrD) gene, partial cds	400	needs_review	
MirzaeiNilsson2015_EOP	Escherichia coli	ECOR_67	"""Escherichia coli""[Organism] AND ""ECOR 67""[All Fields]"	1	1898939349	DABRDV000000000	TPA_asm: Escherichia coli strain ECOR-67, whole genome shotgun sequencing project	74	needs_review	
MirzaeiNilsson2015_EOP	Escherichia coli	ECOR_67	"""Escherichia coli""[Organism] AND ""ECOR 67""[All Fields]"	2	1832634535	DABAUI000000000	TPA_asm: Escherichia coli strain ECOR-67, whole genome shotgun sequencing project	70	needs_review	
MirzaeiNilsson2015_EOP	Escherichia coli	ECOR_67	"""Escherichia coli""[Organism] AND ""ECOR 67""[All Fields]"	3	18104429	AF359742	Escherichia coli strain ECOR 67 DNA polymerase I (polA) gene, partial cds	341	needs_review	
MirzaeiNilsson2015_EOP	Escherichia coli	ECOR_68	"""Escherichia coli""[Organism] AND ""ECOR 68""[All Fields]"	1	1832671906	DABAXA000000000	TPA_asm: Escherichia coli strain ECOR-68/B1, whole genome shotgun sequencing project	159	needs_review	
MirzaeiNilsson2015_EOP	Escherichia coli	ECOR_68	"""Escherichia coli""[Organism] AND ""ECOR 68""[All Fields]"	2	1832636936	DABAUM000000000	TPA_asm: Escherichia coli strain ECOR-68, whole genome shotgun sequencing project	158	needs_review	
MirzaeiNilsson2015_EOP	Escherichia coli	ECOR_68	"""Escherichia coli""[Organism] AND ""ECOR 68""[All Fields]"	3	18104431	AF359743	Escherichia coli strain ECOR 68 DNA polymerase I (polA) gene, partial cds	341	needs_review	
MirzaeiNilsson2015_EOP	Escherichia coli	ECOR_69	"""Escherichia coli""[Organism] AND ""ECOR 69""[All Fields]"	1	1898939354	DABRDW000000000	TPA_asm: Escherichia coli strain ECOR-69, whole genome shotgun sequencing project	89	needs_review	
MirzaeiNilsson2015_EOP	Escherichia coli	ECOR_69	"""Escherichia coli""[Organism] AND ""ECOR 69""[All Fields]"	2	1832632775	DABAUF000000000	TPA_asm: Escherichia coli strain ECOR-69, whole genome shotgun sequencing project	92	needs_review	
MirzaeiNilsson2015_EOP	Escherichia coli	ECOR_69	"""Escherichia coli""[Organism] AND ""ECOR 69""[All Fields]"	3	18104433	AF359744	Escherichia coli strain ECOR 69 DNA polymerase I (polA) gene, partial cds	341	needs_review	
MirzaeiNilsson2015_EOP	Escherichia coli	ECOR_71	"""Escherichia coli""[Organism] AND ""ECOR 71""[All Fields]"	1	1832463198	DABAMH000000000	TPA_asm: Escherichia coli strain ECOR-71, whole genome shotgun sequencing project	174	needs_review	
MirzaeiNilsson2015_EOP	Escherichia coli	ECOR_71	"""Escherichia coli""[Organism] AND ""ECOR 71""[All Fields]"	2	18104437	AF359746	Escherichia coli strain ECOR 71 DNA polymerase I (polA) gene, partial cds	341	needs_review	
MirzaeiNilsson2015_EOP	Escherichia coli	ECOR_71	"""Escherichia coli""[Organism] AND ""ECOR 71""[All Fields]"	3	21666192	AF359652	Escherichia coli strain ECOR 71 DNA helicase II (uvrD) gene, partial cds	400	needs_review	
MirzaeiNilsson2015_EOP	Escherichia coli	ECOR_72	"""Escherichia coli""[Organism] AND ""ECOR 72""[All Fields]"	1	1898939081	DABRDT000000000	TPA_asm: Escherichia coli strain ECOR-72, whole genome shotgun sequencing project	214	needs_review	
MirzaeiNilsson2015_EOP	Escherichia coli	ECOR_72	"""Escherichia coli""[Organism] AND ""ECOR 72""[All Fields]"	2	1832632819	DABAUG000000000	TPA_asm: Escherichia coli strain ECOR-72, whole genome shotgun sequencing project	79	needs_review	
MirzaeiNilsson2015_EOP	Escherichia coli	ECOR_72	"""Escherichia coli""[Organism] AND ""ECOR 72""[All Fields]"	3	18104439	AF359747	Escherichia coli strain ECOR 72 DNA polymerase I (polA) gene, partial cds	341	needs_review	
MirzaeiNilsson2015_EOP	Escherichia coli	ESBL_Ecoli_19	"""Escherichia coli""[Organism] AND ""ESBL Ecoli 19""[All Fields]"	0					no_candidate	
MirzaeiNilsson2015_EOP	Escherichia coli	ESBL_Ecoli_32	"""Escherichia coli""[Organism] AND ""ESBL Ecoli 32""[All Fields]"	0					no_candidate	
MirzaeiNilsson2015_EOP	Escherichia coli	ESBL_Ecoli_39	"""Escherichia coli""[Organism] AND ""ESBL Ecoli 39""[All Fields]"	0					no_candidate	
MirzaeiNilsson2015_EOP	Escherichia coli	ESBL_Ecoli_41	"""Escherichia coli""[Organism] AND ""ESBL Ecoli 41""[All Fields]"	0					no_candidate	
MirzaeiNilsson2015_EOP	Escherichia coli	ESBL_Ecoli_44	"""Escherichia coli""[Organism] AND ""ESBL Ecoli 44""[All Fields]"	0					no_candidate	
MirzaeiNilsson2015_EOP	Escherichia coli	ESBL_Ecoli_127	"""Escherichia coli""[Organism] AND ""ESBL Ecoli 127""[All Fields]"	0					no_candidate	
MirzaeiNilsson2015_EOP	Escherichia coli	ESBL_Ecoli_128	"""Escherichia coli""[Organism] AND ""ESBL Ecoli 128""[All Fields]"	0					no_candidate	
MirzaeiNilsson2015_EOP	Escherichia coli	ESBL_Ecoli_130	"""Escherichia coli""[Organism] AND ""ESBL Ecoli 130""[All Fields]"	0					no_candidate	
MirzaeiNilsson2015_EOP	Escherichia coli	ESBL_Ecoli_133	"""Escherichia coli""[Organism] AND ""ESBL Ecoli 133""[All Fields]"	0					no_candidate	
MirzaeiNilsson2015_EOP	Escherichia coli	ESBL_Ecoli_134	"""Escherichia coli""[Organism] AND ""ESBL Ecoli 134""[All Fields]"	0					no_candidate	
MirzaeiNilsson2015_EOP	Escherichia coli	ESBL_Ecoli_165	"""Escherichia coli""[Organism] AND ""ESBL Ecoli 165""[All Fields]"	0					no_candidate	
MirzaeiNilsson2015_EOP	Escherichia coli	ESBL_Ecoli_170	"""Escherichia coli""[Organism] AND ""ESBL Ecoli 170""[All Fields]"	0					no_candidate	
MirzaeiNilsson2015_EOP	Escherichia coli	ESBL_Ecoli_198	"""Escherichia coli""[Organism] AND ""ESBL Ecoli 198""[All Fields]"	0					no_candidate	
MirzaeiNilsson2015_EOP	Escherichia coli	ESBL_Ecoli_232	"""Escherichia coli""[Organism] AND ""ESBL Ecoli 232""[All Fields]"	0					no_candidate	
MirzaeiNilsson2015_EOP	Escherichia coli	ESBL_Ecoli_314A	"""Escherichia coli""[Organism] AND ""ESBL Ecoli 314A""[All Fields]"	0					no_candidate	
MirzaeiNilsson2015_EOP	Escherichia coli	ESBL_Ecoli_314B	"""Escherichia coli""[Organism] AND ""ESBL Ecoli 314B""[All Fields]"	0					no_candidate	
MirzaeiNilsson2015_EOP	Salmonella enterica	SARA_15	"""Salmonella enterica""[Organism] AND ""SARA 15""[All Fields]"	0					no_candidate	
MirzaeiNilsson2015_EOP	Salmonella enterica	SARA_17	"""Salmonella enterica""[Organism] AND ""SARA 17""[All Fields]"	0					no_candidate	
MirzaeiNilsson2015_EOP	Salmonella enterica	SARA_32	"""Salmonella enterica""[Organism] AND ""SARA 32""[All Fields]"	0					no_candidate	
MirzaeiNilsson2015_EOP	Salmonella enterica	SARA_33	"""Salmonella enterica""[Organism] AND ""SARA 33""[All Fields]"	0					no_candidate	
MirzaeiNilsson2015_EOP	Salmonella enterica	SARA_34	"""Salmonella enterica""[Organism] AND ""SARA 34""[All Fields]"	0					no_candidate	
MirzaeiNilsson2015_EOP	Salmonella enterica	SARA_42	"""Salmonella enterica""[Organism] AND ""SARA 42""[All Fields]"	1	3047327	AF057362	Salmonella paratyphi B 16S ribosomal RNA gene, partial sequence	1200	needs_review	
MirzaeiNilsson2015_EOP	Salmonella enterica	SARA_45	"""Salmonella enterica""[Organism] AND ""SARA 45""[All Fields]"	0					no_candidate	
MirzaeiNilsson2015_EOP	Salmonella enterica	SARA_50	"""Salmonella enterica""[Organism] AND ""SARA 50""[All Fields]"	0					no_candidate	
MirzaeiNilsson2015_EOP	Salmonella enterica	SARA_61	"""Salmonella enterica""[Organism] AND ""SARA 61""[All Fields]"	0					no_candidate	
