source_key	bacterium	strain	query	candidate_rank	assembly_uid	assembly_accession	assembly_name	assembly_level	organism	ftp_path	reported_strain	review_status	notes
MirzaeiNilsson2015_EOP	Escherichia coli	ECOR_4	"""Escherichia coli""[Organism] AND ""ECOR 4""[All Fields]"	0								no_candidate	
MirzaeiNilsson2015_EOP	Escherichia coli	ECOR_5	"""Escherichia coli""[Organism] AND ""ECOR 5""[All Fields]"	0								no_candidate	
MirzaeiNilsson2015_EOP	Escherichia coli	ECOR_6	"""Escherichia coli""[Organism] AND ""ECOR 6""[All Fields]"	0								no_candidate	
MirzaeiNilsson2015_EOP	Escherichia coli	ECOR_8	"""Escherichia coli""[Organism] AND ""ECOR 8""[All Fields]"	0								no_candidate	
MirzaeiNilsson2015_EOP	Escherichia coli	ECOR_10	"""Escherichia coli""[Organism] AND ""ECOR 10""[All Fields]"	1	8023381	GCA_014451455.1	PDT000827746.1	Contig	Escherichia coli (E. coli)	ftp://ftp.ncbi.nlm.nih.gov/genomes/all/GCA/014/451/455/GCA_014451455.1_PDT000827746.1	ECOR-10	promoted_exact_assembly	Exact host assembly promoted from NCBI Assembly on 2026-06-08; assembly report gives strain=ECOR-10 and full genome representation.
MirzaeiNilsson2015_EOP	Escherichia coli	ECOR_10	"""Escherichia coli""[Organism] AND ""ECOR 10""[All Fields]"	2	6848751	GCA_012531155.1	PDT000619892.1	Contig	Escherichia coli (E. coli)	ftp://ftp.ncbi.nlm.nih.gov/genomes/all/GCA/012/531/155/GCA_012531155.1_PDT000619892.1	ECOR-10	rejected	Rejected: another exact assembly was already promoted for this strain.
MirzaeiNilsson2015_EOP	Escherichia coli	ECOR_13	"""Escherichia coli""[Organism] AND ""ECOR 13""[All Fields]"	1	8030261	GCA_014464895.1	PDT000827749.1	Contig	Escherichia coli (E. coli)	ftp://ftp.ncbi.nlm.nih.gov/genomes/all/GCA/014/464/895/GCA_014464895.1_PDT000827749.1	ECOR-13	promoted_exact_assembly	Exact host assembly promoted from NCBI Assembly on 2026-06-08; assembly report gives strain=ECOR-13 and full genome representation.
MirzaeiNilsson2015_EOP	Escherichia coli	ECOR_13	"""Escherichia coli""[Organism] AND ""ECOR 13""[All Fields]"	2	6848731	GCA_012531095.1	PDT000619895.1	Contig	Escherichia coli (E. coli)	ftp://ftp.ncbi.nlm.nih.gov/genomes/all/GCA/012/531/095/GCA_012531095.1_PDT000619895.1	ECOR-13	rejected	Rejected: another exact assembly was already promoted for this strain.
MirzaeiNilsson2015_EOP	Escherichia coli	ECOR_15	"""Escherichia coli""[Organism] AND ""ECOR 15""[All Fields]"	1	8030211	GCA_014464795.1	PDT000827751.1	Contig	Escherichia coli (E. coli)	ftp://ftp.ncbi.nlm.nih.gov/genomes/all/GCA/014/464/795/GCA_014464795.1_PDT000827751.1	ECOR-15	promoted_exact_assembly	Exact host assembly promoted from NCBI Assembly on 2026-06-08; assembly report gives strain=ECOR-15 and full genome representation.
MirzaeiNilsson2015_EOP	Escherichia coli	ECOR_15	"""Escherichia coli""[Organism] AND ""ECOR 15""[All Fields]"	2	6848691	GCA_012531055.1	PDT000619897.1	Contig	Escherichia coli (E. coli)	ftp://ftp.ncbi.nlm.nih.gov/genomes/all/GCA/012/531/055/GCA_012531055.1_PDT000619897.1	ECOR-15	rejected	Rejected: another exact assembly was already promoted for this strain.
MirzaeiNilsson2015_EOP	Escherichia coli	ECOR_16	"""Escherichia coli""[Organism] AND ""ECOR 16""[All Fields]"	1	8030231	GCA_014464835.1	PDT000827752.1	Contig	Escherichia coli (E. coli)	ftp://ftp.ncbi.nlm.nih.gov/genomes/all/GCA/014/464/835/GCA_014464835.1_PDT000827752.1	ECOR-16	promoted_exact_assembly	Exact host assembly promoted from NCBI Assembly on 2026-06-08; assembly report gives strain=ECOR-16 and full genome representation.
MirzaeiNilsson2015_EOP	Escherichia coli	ECOR_16	"""Escherichia coli""[Organism] AND ""ECOR 16""[All Fields]"	2	6832141	GCA_012501855.1	PDT000619898.1	Contig	Escherichia coli (E. coli)	ftp://ftp.ncbi.nlm.nih.gov/genomes/all/GCA/012/501/855/GCA_012501855.1_PDT000619898.1	ECOR-16	rejected	Rejected: another exact assembly was already promoted for this strain.
MirzaeiNilsson2015_EOP	Escherichia coli	ECOR_19	"""Escherichia coli""[Organism] AND ""ECOR 19""[All Fields]"	1	8030191	GCA_014464755.1	PDT000827755.1	Contig	Escherichia coli (E. coli)	ftp://ftp.ncbi.nlm.nih.gov/genomes/all/GCA/014/464/755/GCA_014464755.1_PDT000827755.1	ECOR-19	promoted_exact_assembly	Exact host assembly promoted from NCBI Assembly on 2026-06-08; assembly report gives strain=ECOR-19 and full genome representation.
MirzaeiNilsson2015_EOP	Escherichia coli	ECOR_20	"""Escherichia coli""[Organism] AND ""ECOR 20""[All Fields]"	1	8029541	GCA_014463485.1	PDT000827756.1	Contig	Escherichia coli (E. coli)	ftp://ftp.ncbi.nlm.nih.gov/genomes/all/GCA/014/463/485/GCA_014463485.1_PDT000827756.1	ECOR-20	promoted_exact_assembly	Exact host assembly promoted from NCBI Assembly on 2026-06-08; assembly report gives strain=ECOR-20 and full genome representation.
MirzaeiNilsson2015_EOP	Escherichia coli	ECOR_20	"""Escherichia coli""[Organism] AND ""ECOR 20""[All Fields]"	2	6849051	GCA_012531715.1	PDT000619902.1	Contig	Escherichia coli (E. coli)	ftp://ftp.ncbi.nlm.nih.gov/genomes/all/GCA/012/531/715/GCA_012531715.1_PDT000619902.1	ECOR-20	rejected	Rejected: another exact assembly was already promoted for this strain.
MirzaeiNilsson2015_EOP	Escherichia coli	ECOR_21	"""Escherichia coli""[Organism] AND ""ECOR 21""[All Fields]"	1	8029451	GCA_014463305.1	PDT000827757.1	Contig	Escherichia coli (E. coli)	ftp://ftp.ncbi.nlm.nih.gov/genomes/all/GCA/014/463/305/GCA_014463305.1_PDT000827757.1	ECOR-21	promoted_exact_assembly	Exact host assembly promoted from NCBI Assembly on 2026-06-08; assembly report gives strain=ECOR-21 and full genome representation.
MirzaeiNilsson2015_EOP	Escherichia coli	ECOR_21	"""Escherichia coli""[Organism] AND ""ECOR 21""[All Fields]"	2	6849031	GCA_012531695.1	PDT000619903.1	Contig	Escherichia coli (E. coli)	ftp://ftp.ncbi.nlm.nih.gov/genomes/all/GCA/012/531/695/GCA_012531695.1_PDT000619903.1	ECOR-21	rejected	Rejected: another exact assembly was already promoted for this strain.
MirzaeiNilsson2015_EOP	Escherichia coli	ECOR_22	"""Escherichia coli""[Organism] AND ""ECOR 22""[All Fields]"	1	6848991	GCA_012531625.1	PDT000619904.1	Contig	Escherichia coli (E. coli)	ftp://ftp.ncbi.nlm.nih.gov/genomes/all/GCA/012/531/625/GCA_012531625.1_PDT000619904.1	ECOR-22	promoted_exact_assembly	Exact host assembly promoted from NCBI Assembly on 2026-06-08; assembly report gives strain=ECOR-22 and full genome representation.
MirzaeiNilsson2015_EOP	Escherichia coli	ECOR_23	"""Escherichia coli""[Organism] AND ""ECOR 23""[All Fields]"	1	6848981	GCA_012531595.1	PDT000619905.1	Contig	Escherichia coli (E. coli)	ftp://ftp.ncbi.nlm.nih.gov/genomes/all/GCA/012/531/595/GCA_012531595.1_PDT000619905.1	ECOR-23	promoted_exact_assembly	Exact host assembly promoted from NCBI Assembly on 2026-06-08; assembly report gives strain=ECOR-23 and full genome representation.
MirzaeiNilsson2015_EOP	Escherichia coli	ECOR_24	"""Escherichia coli""[Organism] AND ""ECOR 24""[All Fields]"	1	8029181	GCA_014462765.1	PDT000827760.1	Contig	Escherichia coli (E. coli)	ftp://ftp.ncbi.nlm.nih.gov/genomes/all/GCA/014/462/765/GCA_014462765.1_PDT000827760.1	ECOR-24	promoted_exact_assembly	Exact host assembly promoted from NCBI Assembly on 2026-06-08; assembly report gives strain=ECOR-24 and full genome representation.
MirzaeiNilsson2015_EOP	Escherichia coli	ECOR_24	"""Escherichia coli""[Organism] AND ""ECOR 24""[All Fields]"	2	6849021	GCA_012531665.1	PDT000619906.1	Contig	Escherichia coli (E. coli)	ftp://ftp.ncbi.nlm.nih.gov/genomes/all/GCA/012/531/665/GCA_012531665.1_PDT000619906.1	ECOR-24	rejected	Rejected: another exact assembly was already promoted for this strain.
MirzaeiNilsson2015_EOP	Escherichia coli	ECOR_26	"""Escherichia coli""[Organism] AND ""ECOR 26""[All Fields]"	1	8029491	GCA_014463375.1	PDT000827762.1	Contig	Escherichia coli (E. coli)	ftp://ftp.ncbi.nlm.nih.gov/genomes/all/GCA/014/463/375/GCA_014463375.1_PDT000827762.1	ECOR-26	promoted_exact_assembly	Exact host assembly promoted from NCBI Assembly on 2026-06-08; assembly report gives strain=ECOR-26 and full genome representation.
MirzaeiNilsson2015_EOP	Escherichia coli	ECOR_26	"""Escherichia coli""[Organism] AND ""ECOR 26""[All Fields]"	2	6848961	GCA_012531555.1	PDT000619908.1	Contig	Escherichia coli (E. coli)	ftp://ftp.ncbi.nlm.nih.gov/genomes/all/GCA/012/531/555/GCA_012531555.1_PDT000619908.1	ECOR-26	rejected	Rejected: another exact assembly was already promoted for this strain.
MirzaeiNilsson2015_EOP	Escherichia coli	ECOR_27	"""Escherichia coli""[Organism] AND ""ECOR 27""[All Fields]"	1	8029221	GCA_014462845.1	PDT000827763.1	Contig	Escherichia coli (E. coli)	ftp://ftp.ncbi.nlm.nih.gov/genomes/all/GCA/014/462/845/GCA_014462845.1_PDT000827763.1	ECOR-27	promoted_exact_assembly	Exact host assembly promoted from NCBI Assembly on 2026-06-08; assembly report gives strain=ECOR-27 and full genome representation.
MirzaeiNilsson2015_EOP	Escherichia coli	ECOR_27	"""Escherichia coli""[Organism] AND ""ECOR 27""[All Fields]"	2	6849001	GCA_012531615.1	PDT000619909.1	Contig	Escherichia coli (E. coli)	ftp://ftp.ncbi.nlm.nih.gov/genomes/all/GCA/012/531/615/GCA_012531615.1_PDT000619909.1	ECOR-27	rejected	Rejected: another exact assembly was already promoted for this strain.
MirzaeiNilsson2015_EOP	Escherichia coli	ECOR_29	"""Escherichia coli""[Organism] AND ""ECOR 29""[All Fields]"	1	8030141	GCA_014464655.1	PDT000827765.1	Contig	Escherichia coli (E. coli)	ftp://ftp.ncbi.nlm.nih.gov/genomes/all/GCA/014/464/655/GCA_014464655.1_PDT000827765.1	ECOR-29	promoted_exact_assembly	Exact host assembly promoted from NCBI Assembly on 2026-06-08; assembly report gives strain=ECOR-29 and full genome representation.
MirzaeiNilsson2015_EOP	Escherichia coli	ECOR_29	"""Escherichia coli""[Organism] AND ""ECOR 29""[All Fields]"	2	6848911	GCA_012531455.1	PDT000619911.1	Contig	Escherichia coli (E. coli)	ftp://ftp.ncbi.nlm.nih.gov/genomes/all/GCA/012/531/455/GCA_012531455.1_PDT000619911.1	ECOR-29	rejected	Rejected: another exact assembly was already promoted for this strain.
MirzaeiNilsson2015_EOP	Escherichia coli	ECOR_30	"""Escherichia coli""[Organism] AND ""ECOR 30""[All Fields]"	1	6848951	GCA_012531535.1	PDT000619912.1	Contig	Escherichia coli (E. coli)	ftp://ftp.ncbi.nlm.nih.gov/genomes/all/GCA/012/531/535/GCA_012531535.1_PDT000619912.1	ECOR-30	promoted_exact_assembly	Exact host assembly promoted from NCBI Assembly on 2026-06-08; assembly report gives strain=ECOR-30 and full genome representation.
MirzaeiNilsson2015_EOP	Escherichia coli	ECOR_32	"""Escherichia coli""[Organism] AND ""ECOR 32""[All Fields]"	1	6848941	GCA_012531515.1	PDT000619914.1	Contig	Escherichia coli (E. coli)	ftp://ftp.ncbi.nlm.nih.gov/genomes/all/GCA/012/531/515/GCA_012531515.1_PDT000619914.1	ECOR-32	promoted_exact_assembly	Exact host assembly promoted from NCBI Assembly on 2026-06-08; assembly report gives strain=ECOR-32 and full genome representation.
MirzaeiNilsson2015_EOP	Escherichia coli	ECOR_33	"""Escherichia coli""[Organism] AND ""ECOR 33""[All Fields]"	1	6848921	GCA_012531475.1	PDT000619915.1	Contig	Escherichia coli (E. coli)	ftp://ftp.ncbi.nlm.nih.gov/genomes/all/GCA/012/531/475/GCA_012531475.1_PDT000619915.1	ECOR-33	promoted_exact_assembly	Exact host assembly promoted from NCBI Assembly on 2026-06-08; assembly report gives strain=ECOR-33 and full genome representation.
MirzaeiNilsson2015_EOP	Escherichia coli	ECOR_34	"""Escherichia coli""[Organism] AND ""ECOR 34""[All Fields]"	1	6848931	GCA_012531495.1	PDT000619916.1	Contig	Escherichia coli (E. coli)	ftp://ftp.ncbi.nlm.nih.gov/genomes/all/GCA/012/531/495/GCA_012531495.1_PDT000619916.1	ECOR-34	promoted_exact_assembly	Exact host assembly promoted from NCBI Assembly on 2026-06-08; assembly report gives strain=ECOR-34 and full genome representation.
MirzaeiNilsson2015_EOP	Escherichia coli	ECOR_35	"""Escherichia coli""[Organism] AND ""ECOR 35""[All Fields]"	1	6848891	GCA_012531375.1	PDT000619917.1	Contig	Escherichia coli (E. coli)	ftp://ftp.ncbi.nlm.nih.gov/genomes/all/GCA/012/531/375/GCA_012531375.1_PDT000619917.1	ECOR-35	promoted_exact_assembly	Exact host assembly promoted from NCBI Assembly on 2026-06-08; assembly report gives strain=ECOR-35 and full genome representation.
MirzaeiNilsson2015_EOP	Escherichia coli	ECOR_36	"""Escherichia coli""[Organism] AND ""ECOR 36""[All Fields]"	1	6848871	GCA_012531415.1	PDT000619918.1	Contig	Escherichia coli (E. coli)	ftp://ftp.ncbi.nlm.nih.gov/genomes/all/GCA/012/531/415/GCA_012531415.1_PDT000619918.1	ECOR-36	promoted_exact_assembly	Exact host assembly promoted from NCBI Assembly on 2026-06-08; assembly report gives strain=ECOR-36 and full genome representation.
MirzaeiNilsson2015_EOP	Escherichia coli	ECOR_37	"""Escherichia coli""[Organism] AND ""ECOR 37""[All Fields]"	1	6848881	GCA_012531395.1	PDT000619919.1	Contig	Escherichia coli (E. coli)	ftp://ftp.ncbi.nlm.nih.gov/genomes/all/GCA/012/531/395/GCA_012531395.1_PDT000619919.1	ECOR-37	promoted_exact_assembly	Exact host assembly promoted from NCBI Assembly on 2026-06-08; assembly report gives strain=ECOR-37 and full genome representation.
MirzaeiNilsson2015_EOP	Escherichia coli	ECOR_38	"""Escherichia coli""[Organism] AND ""ECOR 38""[All Fields]"	1	8030171	GCA_014464715.1	PDT000827768.1	Contig	Escherichia coli (E. coli)	ftp://ftp.ncbi.nlm.nih.gov/genomes/all/GCA/014/464/715/GCA_014464715.1_PDT000827768.1	ECOR-38	promoted_exact_assembly	Exact host assembly promoted from NCBI Assembly on 2026-06-08; assembly report gives strain=ECOR-38 and full genome representation.
MirzaeiNilsson2015_EOP	Escherichia coli	ECOR_38	"""Escherichia coli""[Organism] AND ""ECOR 38""[All Fields]"	2	6848841	GCA_012531315.1	PDT000619920.1	Contig	Escherichia coli (E. coli)	ftp://ftp.ncbi.nlm.nih.gov/genomes/all/GCA/012/531/315/GCA_012531315.1_PDT000619920.1	ECOR-38	rejected	Rejected: another exact assembly was already promoted for this strain.
MirzaeiNilsson2015_EOP	Escherichia coli	ECOR_39	"""Escherichia coli""[Organism] AND ""ECOR 39""[All Fields]"	1	8030111	GCA_014464595.1	PDT000827769.1	Contig	Escherichia coli (E. coli)	ftp://ftp.ncbi.nlm.nih.gov/genomes/all/GCA/014/464/595/GCA_014464595.1_PDT000827769.1	ECOR-39	promoted_exact_assembly	Exact host assembly promoted from NCBI Assembly on 2026-06-08; assembly report gives strain=ECOR-39 and full genome representation.
MirzaeiNilsson2015_EOP	Escherichia coli	ECOR_39	"""Escherichia coli""[Organism] AND ""ECOR 39""[All Fields]"	2	6848861	GCA_012531355.1	PDT000619921.1	Contig	Escherichia coli (E. coli)	ftp://ftp.ncbi.nlm.nih.gov/genomes/all/GCA/012/531/355/GCA_012531355.1_PDT000619921.1	ECOR-39	rejected	Rejected: another exact assembly was already promoted for this strain.
MirzaeiNilsson2015_EOP	Escherichia coli	ECOR_40	"""Escherichia coli""[Organism] AND ""ECOR 40""[All Fields]"	1	8030131	GCA_014464635.1	PDT000827770.1	Contig	Escherichia coli (E. coli)	ftp://ftp.ncbi.nlm.nih.gov/genomes/all/GCA/014/464/635/GCA_014464635.1_PDT000827770.1	ECOR-40	promoted_exact_assembly	Exact host assembly promoted from NCBI Assembly on 2026-06-08; assembly report gives strain=ECOR-40 and full genome representation.
MirzaeiNilsson2015_EOP	Escherichia coli	ECOR_40	"""Escherichia coli""[Organism] AND ""ECOR 40""[All Fields]"	2	6848701	GCA_012531015.1	PDT000619922.1	Contig	Escherichia coli (E. coli)	ftp://ftp.ncbi.nlm.nih.gov/genomes/all/GCA/012/531/015/GCA_012531015.1_PDT000619922.1	ECOR-40	rejected	Rejected: another exact assembly was already promoted for this strain.
MirzaeiNilsson2015_EOP	Escherichia coli	ECOR_41	"""Escherichia coli""[Organism] AND ""ECOR 41""[All Fields]"	1	8030091	GCA_014464555.1	PDT000827771.1	Contig	Escherichia coli (E. coli)	ftp://ftp.ncbi.nlm.nih.gov/genomes/all/GCA/014/464/555/GCA_014464555.1_PDT000827771.1	ECOR-41	promoted_exact_assembly	Exact host assembly promoted from NCBI Assembly on 2026-06-08; assembly report gives strain=ECOR-41 and full genome representation.
MirzaeiNilsson2015_EOP	Escherichia coli	ECOR_41	"""Escherichia coli""[Organism] AND ""ECOR 41""[All Fields]"	2	6810971	GCA_012456925.1	PDT000619923.1	Contig	Escherichia coli (E. coli)	ftp://ftp.ncbi.nlm.nih.gov/genomes/all/GCA/012/456/925/GCA_012456925.1_PDT000619923.1	ECOR-41	rejected	Rejected: another exact assembly was already promoted for this strain.
MirzaeiNilsson2015_EOP	Escherichia coli	ECOR_42	"""Escherichia coli""[Organism] AND ""ECOR 42""[All Fields]"	1	8030151	GCA_014464675.1	PDT000827772.1	Contig	Escherichia coli (E. coli)	ftp://ftp.ncbi.nlm.nih.gov/genomes/all/GCA/014/464/675/GCA_014464675.1_PDT000827772.1	ECOR-42	promoted_exact_assembly	Exact host assembly promoted from NCBI Assembly on 2026-06-08; assembly report gives strain=ECOR-42 and full genome representation.
MirzaeiNilsson2015_EOP	Escherichia coli	ECOR_42	"""Escherichia coli""[Organism] AND ""ECOR 42""[All Fields]"	2	6848651	GCA_012530935.1	PDT000619924.1	Contig	Escherichia coli (E. coli)	ftp://ftp.ncbi.nlm.nih.gov/genomes/all/GCA/012/530/935/GCA_012530935.1_PDT000619924.1	ECOR-42	rejected	Rejected: another exact assembly was already promoted for this strain.
MirzaeiNilsson2015_EOP	Escherichia coli	ECOR_43	"""Escherichia coli""[Organism] AND ""ECOR 43""[All Fields]"	1	6848711	GCA_012531035.1	PDT000619925.1	Contig	Escherichia coli (E. coli)	ftp://ftp.ncbi.nlm.nih.gov/genomes/all/GCA/012/531/035/GCA_012531035.1_PDT000619925.1	ECOR-43	promoted_exact_assembly	Exact host assembly promoted from NCBI Assembly on 2026-06-08; assembly report gives strain=ECOR-43 and full genome representation.
MirzaeiNilsson2015_EOP	Escherichia coli	ECOR_46	"""Escherichia coli""[Organism] AND ""ECOR 46""[All Fields]"	1	6838671	GCA_012494605.1	PDT000619928.1	Contig	Escherichia coli (E. coli)	ftp://ftp.ncbi.nlm.nih.gov/genomes/all/GCA/012/494/605/GCA_012494605.1_PDT000619928.1	ECOR-46	promoted_exact_assembly	Exact host assembly promoted from NCBI Assembly on 2026-06-08; assembly report gives strain=ECOR-46 and full genome representation.
MirzaeiNilsson2015_EOP	Escherichia coli	ECOR_47	"""Escherichia coli""[Organism] AND ""ECOR 47""[All Fields]"	1	6848591	GCA_012530835.1	PDT000619929.1	Contig	Escherichia coli (E. coli)	ftp://ftp.ncbi.nlm.nih.gov/genomes/all/GCA/012/530/835/GCA_012530835.1_PDT000619929.1	ECOR-47	promoted_exact_assembly	Exact host assembly promoted from NCBI Assembly on 2026-06-08; assembly report gives strain=ECOR-47 and full genome representation.
MirzaeiNilsson2015_EOP	Escherichia coli	ECOR_48	"""Escherichia coli""[Organism] AND ""ECOR 48""[All Fields]"	0								no_candidate	
MirzaeiNilsson2015_EOP	Escherichia coli	ECOR_49	"""Escherichia coli""[Organism] AND ""ECOR 49""[All Fields]"	1	6847941	GCA_012529415.1	PDT000619930.1	Contig	Escherichia coli (E. coli)	ftp://ftp.ncbi.nlm.nih.gov/genomes/all/GCA/012/529/415/GCA_012529415.1_PDT000619930.1	ECOR-49	promoted_exact_assembly	Exact host assembly promoted from NCBI Assembly on 2026-06-08; assembly report gives strain=ECOR-49 and full genome representation.
MirzaeiNilsson2015_EOP	Escherichia coli	ECOR_50	"""Escherichia coli""[Organism] AND ""ECOR 50""[All Fields]"	1	8030061	GCA_014464515.1	PDT000827778.1	Contig	Escherichia coli (E. coli)	ftp://ftp.ncbi.nlm.nih.gov/genomes/all/GCA/014/464/515/GCA_014464515.1_PDT000827778.1	ECOR-50	promoted_exact_assembly	Exact host assembly promoted from NCBI Assembly on 2026-06-08; assembly report gives strain=ECOR-50 and full genome representation.
MirzaeiNilsson2015_EOP	Escherichia coli	ECOR_50	"""Escherichia coli""[Organism] AND ""ECOR 50""[All Fields]"	2	6848661	GCA_012530955.1	PDT000619931.1	Contig	Escherichia coli (E. coli)	ftp://ftp.ncbi.nlm.nih.gov/genomes/all/GCA/012/530/955/GCA_012530955.1_PDT000619931.1	Ecor-50	rejected	Rejected: another exact assembly was already promoted for this strain.
MirzaeiNilsson2015_EOP	Escherichia coli	ECOR_51	"""Escherichia coli""[Organism] AND ""ECOR 51""[All Fields]"	1	6848541	GCA_012530655.1	PDT000619932.1	Contig	Escherichia coli (E. coli)	ftp://ftp.ncbi.nlm.nih.gov/genomes/all/GCA/012/530/655/GCA_012530655.1_PDT000619932.1	ECOR-51	promoted_exact_assembly	Exact host assembly promoted from NCBI Assembly on 2026-06-08; assembly report gives strain=ECOR-51 and full genome representation.
MirzaeiNilsson2015_EOP	Escherichia coli	ECOR_52	"""Escherichia coli""[Organism] AND ""ECOR 52""[All Fields]"	1	8030011	GCA_014464425.1	PDT000827779.1	Contig	Escherichia coli (E. coli)	ftp://ftp.ncbi.nlm.nih.gov/genomes/all/GCA/014/464/425/GCA_014464425.1_PDT000827779.1	ECOR-52	promoted_exact_assembly	Exact host assembly promoted from NCBI Assembly on 2026-06-08; assembly report gives strain=ECOR-52 and full genome representation.
MirzaeiNilsson2015_EOP	Escherichia coli	ECOR_52	"""Escherichia coli""[Organism] AND ""ECOR 52""[All Fields]"	2	6848611	GCA_012530855.1	PDT000619933.1	Contig	Escherichia coli (E. coli)	ftp://ftp.ncbi.nlm.nih.gov/genomes/all/GCA/012/530/855/GCA_012530855.1_PDT000619933.1	ECOR-52	rejected	Rejected: another exact assembly was already promoted for this strain.
MirzaeiNilsson2015_EOP	Escherichia coli	ECOR_53	"""Escherichia coli""[Organism] AND ""ECOR 53""[All Fields]"	1	8030051	GCA_014464495.1	PDT000827780.1	Contig	Escherichia coli (E. coli)	ftp://ftp.ncbi.nlm.nih.gov/genomes/all/GCA/014/464/495/GCA_014464495.1_PDT000827780.1	ECOR-53	promoted_exact_assembly	Exact host assembly promoted from NCBI Assembly on 2026-06-08; assembly report gives strain=ECOR-53 and full genome representation.
MirzaeiNilsson2015_EOP	Escherichia coli	ECOR_53	"""Escherichia coli""[Organism] AND ""ECOR 53""[All Fields]"	2	6848831	GCA_012531295.1	PDT000619934.1	Contig	Escherichia coli (E. coli)	ftp://ftp.ncbi.nlm.nih.gov/genomes/all/GCA/012/531/295/GCA_012531295.1_PDT000619934.1	ECOR-53	rejected	Rejected: another exact assembly was already promoted for this strain.
MirzaeiNilsson2015_EOP	Escherichia coli	ECOR_54	"""Escherichia coli""[Organism] AND ""ECOR 54""[All Fields]"	1	8029991	GCA_014464385.1	PDT000827781.1	Contig	Escherichia coli (E. coli)	ftp://ftp.ncbi.nlm.nih.gov/genomes/all/GCA/014/464/385/GCA_014464385.1_PDT000827781.1	ECOR-54	promoted_exact_assembly	Exact host assembly promoted from NCBI Assembly on 2026-06-08; assembly report gives strain=ECOR-54 and full genome representation.
MirzaeiNilsson2015_EOP	Escherichia coli	ECOR_54	"""Escherichia coli""[Organism] AND ""ECOR 54""[All Fields]"	2	6848621	GCA_012530875.1	PDT000619935.1	Contig	Escherichia coli (E. coli)	ftp://ftp.ncbi.nlm.nih.gov/genomes/all/GCA/012/530/875/GCA_012530875.1_PDT000619935.1	ECOR-54	rejected	Rejected: another exact assembly was already promoted for this strain.
MirzaeiNilsson2015_EOP	Escherichia coli	ECOR_55	"""Escherichia coli""[Organism] AND ""ECOR 55""[All Fields]"	1	6848631	GCA_012530915.1	PDT000619936.1	Contig	Escherichia coli (E. coli)	ftp://ftp.ncbi.nlm.nih.gov/genomes/all/GCA/012/530/915/GCA_012530915.1_PDT000619936.1	ECOR-55	promoted_exact_assembly	Exact host assembly promoted from NCBI Assembly on 2026-06-08; assembly report gives strain=ECOR-55 and full genome representation.
MirzaeiNilsson2015_EOP	Escherichia coli	ECOR_56	"""Escherichia coli""[Organism] AND ""ECOR 56""[All Fields]"	1	6848561	GCA_012530755.1	PDT000619937.1	Contig	Escherichia coli (E. coli)	ftp://ftp.ncbi.nlm.nih.gov/genomes/all/GCA/012/530/755/GCA_012530755.1_PDT000619937.1	ECOR-56	promoted_exact_assembly	Exact host assembly promoted from NCBI Assembly on 2026-06-08; assembly report gives strain=ECOR-56 and full genome representation.
MirzaeiNilsson2015_EOP	Escherichia coli	ECOR_57	"""Escherichia coli""[Organism] AND ""ECOR 57""[All Fields]"	1	8022691	GCA_014450875.1	PDT000827783.1	Contig	Escherichia coli (E. coli)	ftp://ftp.ncbi.nlm.nih.gov/genomes/all/GCA/014/450/875/GCA_014450875.1_PDT000827783.1	ECOR-57	promoted_exact_assembly	Exact host assembly promoted from NCBI Assembly on 2026-06-08; assembly report gives strain=ECOR-57 and full genome representation.
MirzaeiNilsson2015_EOP	Escherichia coli	ECOR_57	"""Escherichia coli""[Organism] AND ""ECOR 57""[All Fields]"	2	6848641	GCA_012530885.1	PDT000619938.1	Contig	Escherichia coli (E. coli)	ftp://ftp.ncbi.nlm.nih.gov/genomes/all/GCA/012/530/885/GCA_012530885.1_PDT000619938.1	ECOR-57	rejected	Rejected: another exact assembly was already promoted for this strain.
MirzaeiNilsson2015_EOP	Escherichia coli	ECOR_59	"""Escherichia coli""[Organism] AND ""ECOR 59""[All Fields]"	1	6848481	GCA_012530595.1	PDT000619940.1	Contig	Escherichia coli (E. coli)	ftp://ftp.ncbi.nlm.nih.gov/genomes/all/GCA/012/530/595/GCA_012530595.1_PDT000619940.1	ECOR-59	promoted_exact_assembly	Exact host assembly promoted from NCBI Assembly on 2026-06-08; assembly report gives strain=ECOR-59 and full genome representation.
MirzaeiNilsson2015_EOP	Escherichia coli	ECOR_60	"""Escherichia coli""[Organism] AND ""ECOR 60""[All Fields]"	1	8030041	GCA_014464465.1	PDT000827786.1	Contig	Escherichia coli (E. coli)	ftp://ftp.ncbi.nlm.nih.gov/genomes/all/GCA/014/464/465/GCA_014464465.1_PDT000827786.1	ECOR-60	promoted_exact_assembly	Exact host assembly promoted from NCBI Assembly on 2026-06-08; assembly report gives strain=ECOR-60 and full genome representation.
MirzaeiNilsson2015_EOP	Escherichia coli	ECOR_60	"""Escherichia coli""[Organism] AND ""ECOR 60""[All Fields]"	2	6848471	GCA_012530545.1	PDT000619941.1	Contig	Escherichia coli (E. coli)	ftp://ftp.ncbi.nlm.nih.gov/genomes/all/GCA/012/530/545/GCA_012530545.1_PDT000619941.1	ECOR-60	rejected	Rejected: another exact assembly was already promoted for this strain.
MirzaeiNilsson2015_EOP	Escherichia coli	ECOR_61	"""Escherichia coli""[Organism] AND ""ECOR 61""[All Fields]"	1	6848451	GCA_012530495.1	PDT000619942.1	Contig	Escherichia coli (E. coli)	ftp://ftp.ncbi.nlm.nih.gov/genomes/all/GCA/012/530/495/GCA_012530495.1_PDT000619942.1	ECOR-61	promoted_exact_assembly	Exact host assembly promoted from NCBI Assembly on 2026-06-08; assembly report gives strain=ECOR-61 and full genome representation.
MirzaeiNilsson2015_EOP	Escherichia coli	ECOR_62	"""Escherichia coli""[Organism] AND ""ECOR 62""[All Fields]"	1	6848501	GCA_012530635.1	PDT000619943.1	Contig	Escherichia coli (E. coli)	ftp://ftp.ncbi.nlm.nih.gov/genomes/all/GCA/012/530/635/GCA_012530635.1_PDT000619943.1	ECOR-62	promoted_exact_assembly	Exact host assembly promoted from NCBI Assembly on 2026-06-08; assembly report gives strain=ECOR-62 and full genome representation.
MirzaeiNilsson2015_EOP	Escherichia coli	ECOR_63	"""Escherichia coli""[Organism] AND ""ECOR 63""[All Fields]"	1	8029981	GCA_014464365.1	PDT000827787.1	Contig	Escherichia coli (E. coli)	ftp://ftp.ncbi.nlm.nih.gov/genomes/all/GCA/014/464/365/GCA_014464365.1_PDT000827787.1	ECOR-63	promoted_exact_assembly	Exact host assembly promoted from NCBI Assembly on 2026-06-08; assembly report gives strain=ECOR-63 and full genome representation.
MirzaeiNilsson2015_EOP	Escherichia coli	ECOR_63	"""Escherichia coli""[Organism] AND ""ECOR 63""[All Fields]"	2	6848461	GCA_012530515.1	PDT000619944.1	Contig	Escherichia coli (E. coli)	ftp://ftp.ncbi.nlm.nih.gov/genomes/all/GCA/012/530/515/GCA_012530515.1_PDT000619944.1	ECOR-63	rejected	Rejected: another exact assembly was already promoted for this strain.
MirzaeiNilsson2015_EOP	Escherichia coli	ECOR_64	"""Escherichia coli""[Organism] AND ""ECOR 64""[All Fields]"	1	6848531	GCA_012530695.1	PDT000619945.1	Contig	Escherichia coli (E. coli)	ftp://ftp.ncbi.nlm.nih.gov/genomes/all/GCA/012/530/695/GCA_012530695.1_PDT000619945.1	ECOR-64	promoted_exact_assembly	Exact host assembly promoted from NCBI Assembly on 2026-06-08; assembly report gives strain=ECOR-64 and full genome representation.
MirzaeiNilsson2015_EOP	Escherichia coli	ECOR_65	"""Escherichia coli""[Organism] AND ""ECOR 65""[All Fields]"	1	6848401	GCA_012530375.1	PDT000619951.1	Contig	Escherichia coli (E. coli)	ftp://ftp.ncbi.nlm.nih.gov/genomes/all/GCA/012/530/375/GCA_012530375.1_PDT000619951.1	ECOR-65	promoted_exact_assembly	Exact host assembly promoted from NCBI Assembly on 2026-06-08; assembly report gives strain=ECOR-65 and full genome representation.
MirzaeiNilsson2015_EOP	Escherichia coli	ECOR_66	"""Escherichia coli""[Organism] AND ""ECOR 66""[All Fields]"	1	6848601	GCA_012530785.1	PDT000619952.1	Contig	Escherichia coli (E. coli)	ftp://ftp.ncbi.nlm.nih.gov/genomes/all/GCA/012/530/785/GCA_012530785.1_PDT000619952.1	ECOR-66	promoted_exact_assembly	Exact host assembly promoted from NCBI Assembly on 2026-06-08; assembly report gives strain=ECOR-66 and full genome representation.
MirzaeiNilsson2015_EOP	Escherichia coli	ECOR_67	"""Escherichia coli""[Organism] AND ""ECOR 67""[All Fields]"	1	8029421	GCA_014463245.1	PDT000827790.1	Contig	Escherichia coli (E. coli)	ftp://ftp.ncbi.nlm.nih.gov/genomes/all/GCA/014/463/245/GCA_014463245.1_PDT000827790.1	ECOR-67	promoted_exact_assembly	Exact host assembly promoted from NCBI Assembly on 2026-06-08; assembly report gives strain=ECOR-67 and full genome representation.
MirzaeiNilsson2015_EOP	Escherichia coli	ECOR_67	"""Escherichia coli""[Organism] AND ""ECOR 67""[All Fields]"	2	6848431	GCA_012530435.1	PDT000619953.1	Contig	Escherichia coli (E. coli)	ftp://ftp.ncbi.nlm.nih.gov/genomes/all/GCA/012/530/435/GCA_012530435.1_PDT000619953.1	ECOR-67	rejected	Rejected: another exact assembly was already promoted for this strain.
MirzaeiNilsson2015_EOP	Escherichia coli	ECOR_68	"""Escherichia coli""[Organism] AND ""ECOR 68""[All Fields]"	1	6848321	GCA_012530195.1	PDT000619954.1	Contig	Escherichia coli (E. coli)	ftp://ftp.ncbi.nlm.nih.gov/genomes/all/GCA/012/530/195/GCA_012530195.1_PDT000619954.1	ECOR-68	promoted_exact_assembly	Exact host assembly promoted from NCBI Assembly on 2026-06-08; assembly report gives strain=ECOR-68 and full genome representation.
MirzaeiNilsson2015_EOP	Escherichia coli	ECOR_69	"""Escherichia coli""[Organism] AND ""ECOR 69""[All Fields]"	1	8029401	GCA_014463205.1	PDT000827792.1	Contig	Escherichia coli (E. coli)	ftp://ftp.ncbi.nlm.nih.gov/genomes/all/GCA/014/463/205/GCA_014463205.1_PDT000827792.1	ECOR-69	promoted_exact_assembly	Exact host assembly promoted from NCBI Assembly on 2026-06-08; assembly report gives strain=ECOR-69 and full genome representation.
MirzaeiNilsson2015_EOP	Escherichia coli	ECOR_69	"""Escherichia coli""[Organism] AND ""ECOR 69""[All Fields]"	2	6848341	GCA_012530255.1	PDT000619955.1	Contig	Escherichia coli (E. coli)	ftp://ftp.ncbi.nlm.nih.gov/genomes/all/GCA/012/530/255/GCA_012530255.1_PDT000619955.1	ECOR-69	rejected	Rejected: another exact assembly was already promoted for this strain.
MirzaeiNilsson2015_EOP	Escherichia coli	ECOR_71	"""Escherichia coli""[Organism] AND ""ECOR 71""[All Fields]"	1	6833381	GCA_012504355.1	PDT000619957.1	Contig	Escherichia coli (E. coli)	ftp://ftp.ncbi.nlm.nih.gov/genomes/all/GCA/012/504/355/GCA_012504355.1_PDT000619957.1	ECOR-71	promoted_exact_assembly	Exact host assembly promoted from NCBI Assembly on 2026-06-08; assembly report gives strain=ECOR-71 and full genome representation.
MirzaeiNilsson2015_EOP	Escherichia coli	ECOR_72	"""Escherichia coli""[Organism] AND ""ECOR 72""[All Fields]"	1	8029371	GCA_014463125.1	PDT000827795.1	Contig	Escherichia coli (E. coli)	ftp://ftp.ncbi.nlm.nih.gov/genomes/all/GCA/014/463/125/GCA_014463125.1_PDT000827795.1	ECOR-72	promoted_exact_assembly	Exact host assembly promoted from NCBI Assembly on 2026-06-08; assembly report gives strain=ECOR-72 and full genome representation.
MirzaeiNilsson2015_EOP	Escherichia coli	ECOR_72	"""Escherichia coli""[Organism] AND ""ECOR 72""[All Fields]"	2	6847961	GCA_012529455.1	PDT000619958.1	Contig	Escherichia coli (E. coli)	ftp://ftp.ncbi.nlm.nih.gov/genomes/all/GCA/012/529/455/GCA_012529455.1_PDT000619958.1	ECOR-72	rejected	Rejected: another exact assembly was already promoted for this strain.
MirzaeiNilsson2015_EOP	Escherichia coli	ESBL_Ecoli_19	"""Escherichia coli""[Organism] AND ""ESBL Ecoli 19""[All Fields]"	0								no_candidate	
MirzaeiNilsson2015_EOP	Escherichia coli	ESBL_Ecoli_32	"""Escherichia coli""[Organism] AND ""ESBL Ecoli 32""[All Fields]"	0								no_candidate	
MirzaeiNilsson2015_EOP	Escherichia coli	ESBL_Ecoli_39	"""Escherichia coli""[Organism] AND ""ESBL Ecoli 39""[All Fields]"	0								no_candidate	
MirzaeiNilsson2015_EOP	Escherichia coli	ESBL_Ecoli_41	"""Escherichia coli""[Organism] AND ""ESBL Ecoli 41""[All Fields]"	0								no_candidate	
MirzaeiNilsson2015_EOP	Escherichia coli	ESBL_Ecoli_44	"""Escherichia coli""[Organism] AND ""ESBL Ecoli 44""[All Fields]"	0								no_candidate	
MirzaeiNilsson2015_EOP	Escherichia coli	ESBL_Ecoli_127	"""Escherichia coli""[Organism] AND ""ESBL Ecoli 127""[All Fields]"	0								no_candidate	
MirzaeiNilsson2015_EOP	Escherichia coli	ESBL_Ecoli_128	"""Escherichia coli""[Organism] AND ""ESBL Ecoli 128""[All Fields]"	0								no_candidate	
MirzaeiNilsson2015_EOP	Escherichia coli	ESBL_Ecoli_130	"""Escherichia coli""[Organism] AND ""ESBL Ecoli 130""[All Fields]"	0								no_candidate	
MirzaeiNilsson2015_EOP	Escherichia coli	ESBL_Ecoli_133	"""Escherichia coli""[Organism] AND ""ESBL Ecoli 133""[All Fields]"	0								no_candidate	
MirzaeiNilsson2015_EOP	Escherichia coli	ESBL_Ecoli_134	"""Escherichia coli""[Organism] AND ""ESBL Ecoli 134""[All Fields]"	0								no_candidate	
MirzaeiNilsson2015_EOP	Escherichia coli	ESBL_Ecoli_165	"""Escherichia coli""[Organism] AND ""ESBL Ecoli 165""[All Fields]"	0								no_candidate	
MirzaeiNilsson2015_EOP	Escherichia coli	ESBL_Ecoli_170	"""Escherichia coli""[Organism] AND ""ESBL Ecoli 170""[All Fields]"	0								no_candidate	
MirzaeiNilsson2015_EOP	Escherichia coli	ESBL_Ecoli_198	"""Escherichia coli""[Organism] AND ""ESBL Ecoli 198""[All Fields]"	0								no_candidate	
MirzaeiNilsson2015_EOP	Escherichia coli	ESBL_Ecoli_232	"""Escherichia coli""[Organism] AND ""ESBL Ecoli 232""[All Fields]"	0								no_candidate	
MirzaeiNilsson2015_EOP	Escherichia coli	ESBL_Ecoli_314A	"""Escherichia coli""[Organism] AND ""ESBL Ecoli 314A""[All Fields]"	0								no_candidate	
MirzaeiNilsson2015_EOP	Escherichia coli	ESBL_Ecoli_314B	"""Escherichia coli""[Organism] AND ""ESBL Ecoli 314B""[All Fields]"	0								no_candidate	
MirzaeiNilsson2015_EOP	Salmonella enterica	SARA_15	"""Salmonella enterica""[Organism] AND ""SARA 15""[All Fields]"	0								no_candidate	
MirzaeiNilsson2015_EOP	Salmonella enterica	SARA_17	"""Salmonella enterica""[Organism] AND ""SARA 17""[All Fields]"	0								no_candidate	
MirzaeiNilsson2015_EOP	Salmonella enterica	SARA_32	"""Salmonella enterica""[Organism] AND ""SARA 32""[All Fields]"	0								no_candidate	
MirzaeiNilsson2015_EOP	Salmonella enterica	SARA_33	"""Salmonella enterica""[Organism] AND ""SARA 33""[All Fields]"	0								no_candidate	
MirzaeiNilsson2015_EOP	Salmonella enterica	SARA_34	"""Salmonella enterica""[Organism] AND ""SARA 34""[All Fields]"	0								no_candidate	
MirzaeiNilsson2015_EOP	Salmonella enterica	SARA_42	"""Salmonella enterica""[Organism] AND ""SARA 42""[All Fields]"	0								no_candidate	
MirzaeiNilsson2015_EOP	Salmonella enterica	SARA_45	"""Salmonella enterica""[Organism] AND ""SARA 45""[All Fields]"	0								no_candidate	
MirzaeiNilsson2015_EOP	Salmonella enterica	SARA_50	"""Salmonella enterica""[Organism] AND ""SARA 50""[All Fields]"	0								no_candidate	
MirzaeiNilsson2015_EOP	Salmonella enterica	SARA_61	"""Salmonella enterica""[Organism] AND ""SARA 61""[All Fields]"	0								no_candidate	
MirzaeiNilsson2015_EOP	Salmonella enterica	SARB_4	"""Salmonella enterica""[Organism] AND ""SARB 4""[All Fields]"	0								no_candidate	
MirzaeiNilsson2015_EOP	Salmonella enterica	SARB_5	"""Salmonella enterica""[Organism] AND ""SARB 5""[All Fields]"	0								no_candidate	
MirzaeiNilsson2015_EOP	Salmonella enterica	SARB_13	"""Salmonella enterica""[Organism] AND ""SARB 13""[All Fields]"	0								no_candidate	
MirzaeiNilsson2015_EOP	Salmonella enterica	SARB_21	"""Salmonella enterica""[Organism] AND ""SARB 21""[All Fields]"	0								no_candidate	
MirzaeiNilsson2015_EOP	Salmonella enterica	SARB_47	"""Salmonella enterica""[Organism] AND ""SARB 47""[All Fields]"	0								no_candidate	
MirzaeiNilsson2015_EOP	Salmonella enterica	SARB_48	"""Salmonella enterica""[Organism] AND ""SARB 48""[All Fields]"	0								no_candidate	
MirzaeiNilsson2015_EOP	Salmonella enterica	SARB_49	"""Salmonella enterica""[Organism] AND ""SARB 49""[All Fields]"	0								no_candidate	
MirzaeiNilsson2015_EOP	Salmonella enterica	SARB_50	"""Salmonella enterica""[Organism] AND ""SARB 50""[All Fields]"	0								no_candidate	
MirzaeiNilsson2015_EOP	Salmonella enterica	SARB_51	"""Salmonella enterica""[Organism] AND ""SARB 51""[All Fields]"	0								no_candidate	
MirzaeiNilsson2015_EOP	Salmonella enterica	SARB_57	"""Salmonella enterica""[Organism] AND ""SARB 57""[All Fields]"	0								no_candidate	
MirzaeiNilsson2015_EOP	Salmonella enterica	SARB_67	"""Salmonella enterica""[Organism] AND ""SARB 67""[All Fields]"	0								no_candidate	
Sofy2021_KPP5	Klebsiella pneumoniae	K_pneumoniae_1_host	"""Klebsiella pneumoniae""[Organism] AND ""K pneumoniae 1 host""[All Fields]"	0								no_candidate	
Sofy2021_KPP5	Klebsiella pneumoniae	K_pneumoniae_2	"""Klebsiella pneumoniae""[Organism] AND ""K pneumoniae 2""[All Fields]"	1	19244371	GCA_032750595.1	PDT001940508.1	Contig	Klebsiella pneumoniae (enterobacteria)	ftp://ftp.ncbi.nlm.nih.gov/genomes/all/GCA/032/750/595/GCA_032750595.1_PDT001940508.1	K. pneumoniae-2	promoted_exact_assembly	Exact host assembly promoted from NCBI Assembly on 2026-06-08; assembly report gives strain=K. pneumoniae-2 and full genome representation.
Sofy2021_KPP5	Klebsiella pneumoniae	K_pneumoniae_3	"""Klebsiella pneumoniae""[Organism] AND ""K pneumoniae 3""[All Fields]"	0								no_candidate	
Sofy2021_KPP5	Klebsiella pneumoniae	K_pneumoniae_4	"""Klebsiella pneumoniae""[Organism] AND ""K pneumoniae 4""[All Fields]"	1	19243251	GCA_032746235.1	PDT001940606.1	Contig	Klebsiella pneumoniae (enterobacteria)	ftp://ftp.ncbi.nlm.nih.gov/genomes/all/GCA/032/746/235/GCA_032746235.1_PDT001940606.1	K. pneumoniae-4	promoted_exact_assembly	Exact host assembly promoted from NCBI Assembly on 2026-06-08; assembly report gives strain=K. pneumoniae-4 and full genome representation.
Sofy2021_KPP5	Klebsiella pneumoniae	K_pneumoniae_5	"""Klebsiella pneumoniae""[Organism] AND ""K pneumoniae 5""[All Fields]"	1	19236011	GCA_032742255.1	PDT001940652.1	Contig	Klebsiella pneumoniae (enterobacteria)	ftp://ftp.ncbi.nlm.nih.gov/genomes/all/GCA/032/742/255/GCA_032742255.1_PDT001940652.1	K. pneumoniae-5	promoted_exact_assembly	Exact host assembly promoted from NCBI Assembly on 2026-06-08; assembly report gives strain=K. pneumoniae-5 and full genome representation.
Sofy2021_KPP5	Klebsiella pneumoniae	K_pneumoniae_6	"""Klebsiella pneumoniae""[Organism] AND ""K pneumoniae 6""[All Fields]"	1	19243201	GCA_032746015.1	PDT001940647.1	Contig	Klebsiella pneumoniae (enterobacteria)	ftp://ftp.ncbi.nlm.nih.gov/genomes/all/GCA/032/746/015/GCA_032746015.1_PDT001940647.1	K. pneumoniae-6	promoted_exact_assembly	Exact host assembly promoted from NCBI Assembly on 2026-06-08; assembly report gives strain=K. pneumoniae-6 and full genome representation.
Sofy2021_KPP5	Klebsiella pneumoniae	K_pneumoniae_7	"""Klebsiella pneumoniae""[Organism] AND ""K pneumoniae 7""[All Fields]"	1	19243211	GCA_032746055.1	PDT001940629.1	Contig	Klebsiella pneumoniae (enterobacteria)	ftp://ftp.ncbi.nlm.nih.gov/genomes/all/GCA/032/746/055/GCA_032746055.1_PDT001940629.1	K. pneumoniae-7	promoted_exact_assembly	Exact host assembly promoted from NCBI Assembly on 2026-06-08; assembly report gives strain=K. pneumoniae-7 and full genome representation.
Sofy2021_KPP5	Klebsiella pneumoniae	K_pneumoniae_8	"""Klebsiella pneumoniae""[Organism] AND ""K pneumoniae 8""[All Fields]"	1	19242821	GCA_032743735.1	PDT001940545.1	Contig	Klebsiella pneumoniae (enterobacteria)	ftp://ftp.ncbi.nlm.nih.gov/genomes/all/GCA/032/743/735/GCA_032743735.1_PDT001940545.1	K. pneumoniae-8	promoted_exact_assembly	Exact host assembly promoted from NCBI Assembly on 2026-06-08; assembly report gives strain=K. pneumoniae-8 and full genome representation.
Sofy2021_KPP5	Klebsiella pneumoniae	K_pneumoniae_9	"""Klebsiella pneumoniae""[Organism] AND ""K pneumoniae 9""[All Fields]"	0								no_candidate	
Sofy2021_KPP5	Klebsiella pneumoniae	K_pneumoniae_10	"""Klebsiella pneumoniae""[Organism] AND ""K pneumoniae 10""[All Fields]"	1	19242831	GCA_032743755.1	PDT001940539.1	Contig	Klebsiella pneumoniae (enterobacteria)	ftp://ftp.ncbi.nlm.nih.gov/genomes/all/GCA/032/743/755/GCA_032743755.1_PDT001940539.1	K. pneumoniae-10	promoted_exact_assembly	Exact host assembly promoted from NCBI Assembly on 2026-06-08; assembly report gives strain=K. pneumoniae-10 and full genome representation.
Sofy2021_KPP5	Klebsiella pneumoniae	K_pneumoniae_11	"""Klebsiella pneumoniae""[Organism] AND ""K pneumoniae 11""[All Fields]"	0								no_candidate	
Sofy2021_KPP5	Klebsiella pneumoniae	K_pneumoniae_12	"""Klebsiella pneumoniae""[Organism] AND ""K pneumoniae 12""[All Fields]"	1	19242851	GCA_032743795.1	PDT001940534.1	Contig	Klebsiella pneumoniae (enterobacteria)	ftp://ftp.ncbi.nlm.nih.gov/genomes/all/GCA/032/743/795/GCA_032743795.1_PDT001940534.1	K. pneumoniae-12	promoted_exact_assembly	Exact host assembly promoted from NCBI Assembly on 2026-06-08; assembly report gives strain=K. pneumoniae-12 and full genome representation.
Sofy2021_KPP5	Klebsiella pneumoniae	K_pneumoniae_13	"""Klebsiella pneumoniae""[Organism] AND ""K pneumoniae 13""[All Fields]"	1	19251691	GCA_032764725.1	PDT001940533.1	Contig	Klebsiella pneumoniae (enterobacteria)	ftp://ftp.ncbi.nlm.nih.gov/genomes/all/GCA/032/764/725/GCA_032764725.1_PDT001940533.1	K. pneumoniae-13	promoted_exact_assembly	Exact host assembly promoted from NCBI Assembly on 2026-06-08; assembly report gives strain=K. pneumoniae-13 and full genome representation.
Sofy2021_KPP5	Klebsiella pneumoniae	K_pneumoniae_14	"""Klebsiella pneumoniae""[Organism] AND ""K pneumoniae 14""[All Fields]"	1	19242861	GCA_032743815.1	PDT001940532.1	Contig	Klebsiella pneumoniae (enterobacteria)	ftp://ftp.ncbi.nlm.nih.gov/genomes/all/GCA/032/743/815/GCA_032743815.1_PDT001940532.1	K. pneumoniae-14	promoted_exact_assembly	Exact host assembly promoted from NCBI Assembly on 2026-06-08; assembly report gives strain=K. pneumoniae-14 and full genome representation.
Sofy2021_KPP5	Klebsiella pneumoniae	K_pneumoniae_15	"""Klebsiella pneumoniae""[Organism] AND ""K pneumoniae 15""[All Fields]"	1	19242871	GCA_032743855.1	PDT001940529.1	Contig	Klebsiella pneumoniae (enterobacteria)	ftp://ftp.ncbi.nlm.nih.gov/genomes/all/GCA/032/743/855/GCA_032743855.1_PDT001940529.1	K. pneumoniae-15	promoted_exact_assembly	Exact host assembly promoted from NCBI Assembly on 2026-06-08; assembly report gives strain=K. pneumoniae-15 and full genome representation.
Sofy2021_KPP5	Klebsiella pneumoniae	K_pneumoniae_16	"""Klebsiella pneumoniae""[Organism] AND ""K pneumoniae 16""[All Fields]"	1	19251721	GCA_032764785.1	PDT001940528.1	Contig	Klebsiella pneumoniae (enterobacteria)	ftp://ftp.ncbi.nlm.nih.gov/genomes/all/GCA/032/764/785/GCA_032764785.1_PDT001940528.1	K. pneumoniae-16	promoted_exact_assembly	Exact host assembly promoted from NCBI Assembly on 2026-06-08; assembly report gives strain=K. pneumoniae-16 and full genome representation.
Sofy2021_KPP5	Klebsiella pneumoniae	K_pneumoniae_17	"""Klebsiella pneumoniae""[Organism] AND ""K pneumoniae 17""[All Fields]"	1	19241831	GCA_032738925.1	PDT001940525.1	Contig	Klebsiella pneumoniae (enterobacteria)	ftp://ftp.ncbi.nlm.nih.gov/genomes/all/GCA/032/738/925/GCA_032738925.1_PDT001940525.1	K. pneumoniae-17	promoted_exact_assembly	Exact host assembly promoted from NCBI Assembly on 2026-06-08; assembly report gives strain=K. pneumoniae-17 and full genome representation.
Sofy2021_KPP5	Klebsiella pneumoniae	K_pneumoniae_18	"""Klebsiella pneumoniae""[Organism] AND ""K pneumoniae 18""[All Fields]"	1	19244331	GCA_032750515.1	PDT001940523.1	Contig	Klebsiella pneumoniae (enterobacteria)	ftp://ftp.ncbi.nlm.nih.gov/genomes/all/GCA/032/750/515/GCA_032750515.1_PDT001940523.1	K. pneumoniae-18	promoted_exact_assembly	Exact host assembly promoted from NCBI Assembly on 2026-06-08; assembly report gives strain=K. pneumoniae-18 and full genome representation.
Sofy2021_KPP5	Klebsiella pneumoniae	K_pneumoniae_19	"""Klebsiella pneumoniae""[Organism] AND ""K pneumoniae 19""[All Fields]"	1	19241821	GCA_032738905.1	PDT001940522.1	Contig	Klebsiella pneumoniae (enterobacteria)	ftp://ftp.ncbi.nlm.nih.gov/genomes/all/GCA/032/738/905/GCA_032738905.1_PDT001940522.1	K. pneumoniae-19	promoted_exact_assembly	Exact host assembly promoted from NCBI Assembly on 2026-06-08; assembly report gives strain=K. pneumoniae-19 and full genome representation.
Sofy2021_KPP5	Escherichia coli	E_coli_1	"""Escherichia coli""[Organism] AND ""E coli 1""[All Fields]"	1	31942801	GCA_055734145.1	PDT003135332.1	Contig	Escherichia coli (E. coli)	ftp://ftp.ncbi.nlm.nih.gov/genomes/all/GCA/055/734/145/GCA_055734145.1_PDT003135332.1	E. coli_1	promoted_exact_assembly	Exact host assembly promoted from NCBI Assembly on 2026-06-08; assembly report gives strain=E. coli_1 and full genome representation.
Sofy2021_KPP5	Escherichia coli	E_coli_1	"""Escherichia coli""[Organism] AND ""E coli 1""[All Fields]"	2	27778811	GCA_048654645.1	PDT002662354.1	Contig	Escherichia coli (E. coli)	ftp://ftp.ncbi.nlm.nih.gov/genomes/all/GCA/048/654/645/GCA_048654645.1_PDT002662354.1	E. coli 1	rejected	Rejected: another exact assembly was already promoted for this strain.
Sofy2021_KPP5	Escherichia coli	E_coli_1	"""Escherichia coli""[Organism] AND ""E coli 1""[All Fields]"	3	19233481	GCA_032737565.1	PDT001940700.1	Contig	Escherichia coli (E. coli)	ftp://ftp.ncbi.nlm.nih.gov/genomes/all/GCA/032/737/565/GCA_032737565.1_PDT001940700.1	E. coli-1	rejected	Rejected: another exact assembly was already promoted for this strain.
Sofy2021_KPP5	Escherichia coli	E_coli_2	"""Escherichia coli""[Organism] AND ""E coli 2""[All Fields]"	1	31942811	GCA_055734185.1	PDT003135331.1	Contig	Escherichia coli (E. coli)	ftp://ftp.ncbi.nlm.nih.gov/genomes/all/GCA/055/734/185/GCA_055734185.1_PDT003135331.1	E. coli_2	promoted_exact_assembly	Exact host assembly promoted from NCBI Assembly on 2026-06-08; assembly report gives strain=E. coli_2 and full genome representation.
Sofy2021_KPP5	Escherichia coli	E_coli_2	"""Escherichia coli""[Organism] AND ""E coli 2""[All Fields]"	2	19235861	GCA_032741955.1	PDT001940699.1	Contig	Escherichia coli (E. coli)	ftp://ftp.ncbi.nlm.nih.gov/genomes/all/GCA/032/741/955/GCA_032741955.1_PDT001940699.1	E. coli-2	rejected	Rejected: another exact assembly was already promoted for this strain.
Sofy2021_KPP5	Escherichia coli	E_coli_3	"""Escherichia coli""[Organism] AND ""E coli 3""[All Fields]"	1	31942881	GCA_055734295.1	PDT003135320.1	Contig	Escherichia coli (E. coli)	ftp://ftp.ncbi.nlm.nih.gov/genomes/all/GCA/055/734/295/GCA_055734295.1_PDT003135320.1	E. coli_3	promoted_exact_assembly	Exact host assembly promoted from NCBI Assembly on 2026-06-08; assembly report gives strain=E. coli_3 and full genome representation.
Sofy2021_KPP5	Escherichia coli	E_coli_3	"""Escherichia coli""[Organism] AND ""E coli 3""[All Fields]"	2	19241701	GCA_032738465.1	PDT001940588.1	Contig	Escherichia coli (E. coli)	ftp://ftp.ncbi.nlm.nih.gov/genomes/all/GCA/032/738/465/GCA_032738465.1_PDT001940588.1	E. coli-3	rejected	Rejected: another exact assembly was already promoted for this strain.
Sofy2021_KPP5	Escherichia coli	E_coli_4	"""Escherichia coli""[Organism] AND ""E coli 4""[All Fields]"	0								no_candidate	
Sofy2021_KPP5	Escherichia coli	E_coli_5	"""Escherichia coli""[Organism] AND ""E coli 5""[All Fields]"	1	31942941	GCA_055734425.1	PDT003135306.1	Contig	Escherichia coli (E. coli)	ftp://ftp.ncbi.nlm.nih.gov/genomes/all/GCA/055/734/425/GCA_055734425.1_PDT003135306.1	E. coli_5	promoted_exact_assembly	Exact host assembly promoted from NCBI Assembly on 2026-06-08; assembly report gives strain=E. coli_5 and full genome representation.
Sofy2021_KPP5	Escherichia coli	E_coli_5	"""Escherichia coli""[Organism] AND ""E coli 5""[All Fields]"	2	19244091	GCA_032750035.1	PDT001940635.1	Contig	Escherichia coli (E. coli)	ftp://ftp.ncbi.nlm.nih.gov/genomes/all/GCA/032/750/035/GCA_032750035.1_PDT001940635.1	E. coli-5	rejected	Rejected: another exact assembly was already promoted for this strain.
Sofy2021_KPP5	Escherichia coli	E_coli_6	"""Escherichia coli""[Organism] AND ""E coli 6""[All Fields]"	1	31942971	GCA_055734465.1	PDT003135305.1	Contig	Escherichia coli (E. coli)	ftp://ftp.ncbi.nlm.nih.gov/genomes/all/GCA/055/734/465/GCA_055734465.1_PDT003135305.1	E. coli_6	promoted_exact_assembly	Exact host assembly promoted from NCBI Assembly on 2026-06-08; assembly report gives strain=E. coli_6 and full genome representation.
Sofy2021_KPP5	Salmonella enterica	S_Typhimurium_1	"""Salmonella enterica""[Organism] AND ""S Typhimurium 1""[All Fields]"	0								no_candidate	
Sofy2021_KPP5	Salmonella enterica	S_Typhimurium_2	"""Salmonella enterica""[Organism] AND ""S Typhimurium 2""[All Fields]"	0								no_candidate	
Sofy2021_KPP5	Salmonella enterica	S_Typhimurium_3	"""Salmonella enterica""[Organism] AND ""S Typhimurium 3""[All Fields]"	0								no_candidate	
Sofy2021_KPP5	Pseudomonas aeruginosa	P_aeruginosa_1	"""Pseudomonas aeruginosa""[Organism] AND ""P aeruginosa 1""[All Fields]"	0								no_candidate	
Sofy2021_KPP5	Pseudomonas aeruginosa	P_aeruginosa_2	"""Pseudomonas aeruginosa""[Organism] AND ""P aeruginosa 2""[All Fields]"	0								no_candidate	
Sofy2021_KPP5	Pseudomonas aeruginosa	P_aeruginosa_3	"""Pseudomonas aeruginosa""[Organism] AND ""P aeruginosa 3""[All Fields]"	1	19236541	GCA_032743355.1	PDT001940587.1	Contig	Pseudomonas aeruginosa (g-proteobacteria)	ftp://ftp.ncbi.nlm.nih.gov/genomes/all/GCA/032/743/355/GCA_032743355.1_PDT001940587.1	P. aeruginosa-3	promoted_exact_assembly	Exact host assembly promoted from NCBI Assembly on 2026-06-08; assembly report gives strain=P. aeruginosa-3 and full genome representation.
Latka2021_K23Klebsiella	Klebsiella pneumoniae	Kp-9068	"""Klebsiella pneumoniae""[Organism] AND ""Kp-9068""[All Fields]"	0								no_candidate	
Latka2021_K23Klebsiella	Klebsiella pneumoniae	KPi4275	"""Klebsiella pneumoniae""[Organism] AND ""KPi4275""[All Fields]"	0								no_candidate	
Latka2021_K23Klebsiella	Klebsiella pneumoniae	KPB2304-15	"""Klebsiella pneumoniae""[Organism] AND ""KPB2304-15""[All Fields]"	0								no_candidate	
Latka2021_K23Klebsiella	Klebsiella pneumoniae	KPB536-17-2	"""Klebsiella pneumoniae""[Organism] AND ""KPB536-17-2""[All Fields]"	0								no_candidate	
Latka2021_K23Klebsiella	Klebsiella pneumoniae	KPi1748	"""Klebsiella pneumoniae""[Organism] AND ""KPi1748""[All Fields]"	0								no_candidate	
Latka2021_K23Klebsiella	Klebsiella pneumoniae	KPi3014	"""Klebsiella pneumoniae""[Organism] AND ""KPi3014""[All Fields]"	0								no_candidate	
Latka2021_K23Klebsiella	Klebsiella pneumoniae	KPi8289	"""Klebsiella pneumoniae""[Organism] AND ""KPi8289""[All Fields]"	0								no_candidate	
Latka2021_K23Klebsiella	Klebsiella pneumoniae	KPB2580	"""Klebsiella pneumoniae""[Organism] AND ""KPB2580""[All Fields]"	0								no_candidate	
Singh2025_KpCocktail	Klebsiella pneumoniae	KPCI1	"""Klebsiella pneumoniae""[Organism] AND ""KPCI1""[All Fields]"	0								no_candidate	
Singh2025_KpCocktail	Klebsiella pneumoniae	KPCI2	"""Klebsiella pneumoniae""[Organism] AND ""KPCI2""[All Fields]"	0								no_candidate	
Singh2025_KpCocktail	Klebsiella pneumoniae	KPCI3	"""Klebsiella pneumoniae""[Organism] AND ""KPCI3""[All Fields]"	0								no_candidate	
Singh2025_KpCocktail	Klebsiella pneumoniae	KPCI4	"""Klebsiella pneumoniae""[Organism] AND ""KPCI4""[All Fields]"	0								no_candidate	
Abdelhadi2021_STM2	Salmonella enterica	S_Typhimurium_ST_4_host	"""Salmonella enterica""[Organism] AND ""S Typhimurium ST 4 host""[All Fields]"	0								no_candidate	
Abdelhadi2021_STM2	Salmonella enterica	S_Typhimurium_ST_7	"""Salmonella enterica""[Organism] AND ""S Typhimurium ST 7""[All Fields]"	0								no_candidate	
Abdelhadi2021_STM2	Salmonella enterica	S_Typhimurium_ST_9	"""Salmonella enterica""[Organism] AND ""S Typhimurium ST 9""[All Fields]"	0								no_candidate	
Abdelhadi2021_STM2	Salmonella enterica	S_Typhimurium_ST_14	"""Salmonella enterica""[Organism] AND ""S Typhimurium ST 14""[All Fields]"	0								no_candidate	
Abdelhadi2021_STM2	Salmonella enterica	S_Typhimurium_ST_16	"""Salmonella enterica""[Organism] AND ""S Typhimurium ST 16""[All Fields]"	0								no_candidate	
Abdelhadi2021_STM2	Salmonella enterica	S_Typhimurium_ST_19	"""Salmonella enterica""[Organism] AND ""S Typhimurium ST 19""[All Fields]"	0								no_candidate	
Abdelhadi2021_STM2	Salmonella enterica	S_Typhimurium_ST_21	"""Salmonella enterica""[Organism] AND ""S Typhimurium ST 21""[All Fields]"	0								no_candidate	
Abdelhadi2021_STM2	Salmonella enterica	S_Typhimurium_ST_22	"""Salmonella enterica""[Organism] AND ""S Typhimurium ST 22""[All Fields]"	0								no_candidate	
Abdelhadi2021_STM2	Salmonella enterica	S_Typhimurium_ST_27	"""Salmonella enterica""[Organism] AND ""S Typhimurium ST 27""[All Fields]"	0								no_candidate	
Abdelhadi2021_STM2	Salmonella enterica	S_Typhimurium_ST_30	"""Salmonella enterica""[Organism] AND ""S Typhimurium ST 30""[All Fields]"	0								no_candidate	
Abdelhadi2021_STM2	Salmonella enterica	S_Typhimurium_ST_33	"""Salmonella enterica""[Organism] AND ""S Typhimurium ST 33""[All Fields]"	0								no_candidate	
Abdelhadi2021_STM2	Salmonella enterica	S_Typhimurium_ST_35	"""Salmonella enterica""[Organism] AND ""S Typhimurium ST 35""[All Fields]"	0								no_candidate	
Abdelhadi2021_STM2	Salmonella enterica	S_Typhimurium_ST_36	"""Salmonella enterica""[Organism] AND ""S Typhimurium ST 36""[All Fields]"	0								no_candidate	
Abdelhadi2021_STM2	Salmonella enterica	S_Typhimurium_ST_37	"""Salmonella enterica""[Organism] AND ""S Typhimurium ST 37""[All Fields]"	0								no_candidate	
Abdelhadi2021_STM2	Salmonella enterica	S_Typhimurium_ST_38	"""Salmonella enterica""[Organism] AND ""S Typhimurium ST 38""[All Fields]"	0								no_candidate	
Abdelhadi2021_STM2	Salmonella enterica	S_Typhimurium_ST_41	"""Salmonella enterica""[Organism] AND ""S Typhimurium ST 41""[All Fields]"	0								no_candidate	
Abdelhadi2021_STM2	Salmonella enterica	S_Typhimurium_ST_43	"""Salmonella enterica""[Organism] AND ""S Typhimurium ST 43""[All Fields]"	0								no_candidate	
Abdelhadi2021_STM2	Salmonella enterica	S_Typhimurium_ST_45	"""Salmonella enterica""[Organism] AND ""S Typhimurium ST 45""[All Fields]"	0								no_candidate	
Abdelhadi2021_STM2	Salmonella enterica	S_Typhimurium_ST_47	"""Salmonella enterica""[Organism] AND ""S Typhimurium ST 47""[All Fields]"	0								no_candidate	
Abdelhadi2021_STM2	Salmonella enterica	S_Typhimurium_ST_49	"""Salmonella enterica""[Organism] AND ""S Typhimurium ST 49""[All Fields]"	0								no_candidate	
Abdelhadi2021_STM2	Salmonella enterica	S_Typhimurium_ST_53	"""Salmonella enterica""[Organism] AND ""S Typhimurium ST 53""[All Fields]"	0								no_candidate	
Abdelhadi2021_STM2	Salmonella enterica	S_Typhimurium_ST_55	"""Salmonella enterica""[Organism] AND ""S Typhimurium ST 55""[All Fields]"	0								no_candidate	
Abdelhadi2021_STM2	Salmonella enterica	S_Typhimurium_ST_56	"""Salmonella enterica""[Organism] AND ""S Typhimurium ST 56""[All Fields]"	0								no_candidate	
Abdelhadi2021_STM2	Pseudomonas aeruginosa	PsaCI_1	"""Pseudomonas aeruginosa""[Organism] AND ""PsaCI 1""[All Fields]"	0								no_candidate	
Abdelhadi2021_STM2	Pseudomonas aeruginosa	PsaCI_2	"""Pseudomonas aeruginosa""[Organism] AND ""PsaCI 2""[All Fields]"	0								no_candidate	
Abdelhadi2021_STM2	Pseudomonas aeruginosa	PsaFI_1	"""Pseudomonas aeruginosa""[Organism] AND ""PsaFI 1""[All Fields]"	0								no_candidate	
Abdelhadi2021_STM2	Pseudomonas aeruginosa	PsaFI_2	"""Pseudomonas aeruginosa""[Organism] AND ""PsaFI 2""[All Fields]"	0								no_candidate	
Abdelhadi2021_STM2	Pseudomonas aeruginosa	PsaFI_1_table_cont	"""Pseudomonas aeruginosa""[Organism] AND ""PsaFI 1 table cont""[All Fields]"	0								no_candidate	
Abdelhadi2021_STM2	Staphylococcus aureus	SaFI_1	"""Staphylococcus aureus""[Organism] AND ""SaFI 1""[All Fields]"	0								no_candidate	
Abdelhadi2021_STM2	Staphylococcus aureus	SaFI_2	"""Staphylococcus aureus""[Organism] AND ""SaFI 2""[All Fields]"	0								no_candidate	
Abdelhadi2021_STM2	Staphylococcus aureus	SaFI_3	"""Staphylococcus aureus""[Organism] AND ""SaFI 3""[All Fields]"	0								no_candidate	
Abdelhadi2021_STM2	Escherichia coli	EcCI_1	"""Escherichia coli""[Organism] AND ""EcCI 1""[All Fields]"	0								no_candidate	
Abdelhadi2021_STM2	Escherichia coli	EcCI_2	"""Escherichia coli""[Organism] AND ""EcCI 2""[All Fields]"	0								no_candidate	
Abdelhadi2021_STM2	Escherichia coli	EcCI_3	"""Escherichia coli""[Organism] AND ""EcCI 3""[All Fields]"	0								no_candidate	
Abdelhadi2021_STM2	Escherichia coli	EcCI_4	"""Escherichia coli""[Organism] AND ""EcCI 4""[All Fields]"	0								no_candidate	
Abdelhadi2021_STM2	Klebsiella pneumoniae	KpCI_1	"""Klebsiella pneumoniae""[Organism] AND ""KpCI 1""[All Fields]"	0								no_candidate	
Wintachai2022_vABWU2101	Acinetobacter baumannii	ABPW0181	"""Acinetobacter baumannii""[Organism] AND ""ABPW0181""[All Fields]"	0								no_candidate	
Wintachai2022_vABWU2101	Acinetobacter baumannii	ABPW0182	"""Acinetobacter baumannii""[Organism] AND ""ABPW0182""[All Fields]"	0								no_candidate	
Wintachai2022_vABWU2101	Acinetobacter baumannii	ABPW0183	"""Acinetobacter baumannii""[Organism] AND ""ABPW0183""[All Fields]"	0								no_candidate	
Wintachai2022_vABWU2101	Acinetobacter baumannii	ABPW0184	"""Acinetobacter baumannii""[Organism] AND ""ABPW0184""[All Fields]"	0								no_candidate	
Wintachai2022_vABWU2101	Acinetobacter baumannii	ABPW0185_host	"""Acinetobacter baumannii""[Organism] AND ""ABPW0185 host""[All Fields]"	0								no_candidate	
Wintachai2022_vABWU2101	Acinetobacter baumannii	ABPW0186	"""Acinetobacter baumannii""[Organism] AND ""ABPW0186""[All Fields]"	0								no_candidate	
Wintachai2022_vABWU2101	Acinetobacter baumannii	ABPW0187	"""Acinetobacter baumannii""[Organism] AND ""ABPW0187""[All Fields]"	0								no_candidate	
Wintachai2022_vABWU2101	Acinetobacter baumannii	ABPW0188	"""Acinetobacter baumannii""[Organism] AND ""ABPW0188""[All Fields]"	0								no_candidate	
Wintachai2022_vABWU2101	Acinetobacter baumannii	ABPW0189	"""Acinetobacter baumannii""[Organism] AND ""ABPW0189""[All Fields]"	0								no_candidate	
Wintachai2022_vABWU2101	Acinetobacter baumannii	ABPW0190	"""Acinetobacter baumannii""[Organism] AND ""ABPW0190""[All Fields]"	0								no_candidate	
Wintachai2022_vABWU2101	Acinetobacter baumannii	ABPW0191	"""Acinetobacter baumannii""[Organism] AND ""ABPW0191""[All Fields]"	0								no_candidate	
Wintachai2022_vABWU2101	Acinetobacter baumannii	ABPW0192	"""Acinetobacter baumannii""[Organism] AND ""ABPW0192""[All Fields]"	0								no_candidate	
Wintachai2022_vABWU2101	Acinetobacter baumannii	ABPW0193	"""Acinetobacter baumannii""[Organism] AND ""ABPW0193""[All Fields]"	0								no_candidate	
Wintachai2022_vABWU2101	Acinetobacter baumannii	ABPW0194	"""Acinetobacter baumannii""[Organism] AND ""ABPW0194""[All Fields]"	0								no_candidate	
Wintachai2022_vABWU2101	Acinetobacter baumannii	ABPW0195	"""Acinetobacter baumannii""[Organism] AND ""ABPW0195""[All Fields]"	0								no_candidate	
Wintachai2022_vABWU2101	Acinetobacter baumannii	ABPW0196	"""Acinetobacter baumannii""[Organism] AND ""ABPW0196""[All Fields]"	0								no_candidate	
Wintachai2022_vABWU2101	Acinetobacter baumannii	ABPW0197	"""Acinetobacter baumannii""[Organism] AND ""ABPW0197""[All Fields]"	0								no_candidate	
Wintachai2022_vABWU2101	Acinetobacter baumannii	ABPW0198	"""Acinetobacter baumannii""[Organism] AND ""ABPW0198""[All Fields]"	0								no_candidate	
Wintachai2022_vABWU2101	Acinetobacter baumannii	ABPW0199	"""Acinetobacter baumannii""[Organism] AND ""ABPW0199""[All Fields]"	0								no_candidate	
Wintachai2022_vABWU2101	Acinetobacter baumannii	ABPW0200	"""Acinetobacter baumannii""[Organism] AND ""ABPW0200""[All Fields]"	0								no_candidate	
Wintachai2022_vABWU2101	Klebsiella pneumoniae	K_pneumoniae_control	"""Klebsiella pneumoniae""[Organism] AND ""K pneumoniae control""[All Fields]"	0								no_candidate	
Wintachai2022_vABWU2101	Staphylococcus aureus	MRSA_control	"""Staphylococcus aureus""[Organism] AND ""MRSA control""[All Fields]"	0								no_candidate	
Wintachai2024_vECPW8	Escherichia coli	MDR_APEC_PW001	"""Escherichia coli""[Organism] AND ""MDR APEC PW001""[All Fields]"	0								no_candidate	
Wintachai2024_vECPW8	Escherichia coli	MDR_APEC_PW002	"""Escherichia coli""[Organism] AND ""MDR APEC PW002""[All Fields]"	0								no_candidate	
Wintachai2024_vECPW8	Escherichia coli	MDR_APEC_PW003	"""Escherichia coli""[Organism] AND ""MDR APEC PW003""[All Fields]"	0								no_candidate	
Wintachai2024_vECPW8	Escherichia coli	MDR_APEC_PW004	"""Escherichia coli""[Organism] AND ""MDR APEC PW004""[All Fields]"	0								no_candidate	
Wintachai2024_vECPW8	Escherichia coli	MDR_APEC_PW005_host	"""Escherichia coli""[Organism] AND ""MDR APEC PW005 host""[All Fields]"	0								no_candidate	
Wintachai2024_vECPW8	Escherichia coli	MDR_APEC_PW006	"""Escherichia coli""[Organism] AND ""MDR APEC PW006""[All Fields]"	0								no_candidate	
Wintachai2024_vECPW8	Escherichia coli	MDR_APEC_PW007	"""Escherichia coli""[Organism] AND ""MDR APEC PW007""[All Fields]"	0								no_candidate	
Wintachai2024_vECPW8	Escherichia coli	MDR_APEC_PW008	"""Escherichia coli""[Organism] AND ""MDR APEC PW008""[All Fields]"	0								no_candidate	
